"# Fairway positioning tags for the LISTED LOGISTICS, SERVICES MARKETPLACE, CONSUMER SUBSCRIPTION"
"# and PAYMENTS set. Written 30-Aug-2026."
# Keyed on exchange_ticker. THESE TICKERS WERE RECOVERED, NOT SUPPLIED: the pull that brought these
# 123 names in had its ticker column hidden in the screenshots, so every ticker here was researched
# and cross-checked against at least two sources. Five are marked low confidence in the notes below
# and should be verified against the workbook before anyone relies on them:
#   Sinotrans           SEHK:598 chosen over the Shanghai A-share line 601598
#   Reysas              IBSE:RYSAS, the symbol is right, the Istanbul exchange mnemonic is not sure
#   Freightos           NASDAQGM:CRGO may be NASDAQCM:CRGO
#   Kanzhun             NASDAQGS:BZ may be NASDAQGM:BZ
#   Fawry               CASE:FWRY may be EGX:FWRY
# One catch worth recording: Hays plc is LSE:HAS, not LSE:HAYS. The obvious guess is wrong and would
# have created a phantom company.
#
# SUBSCRIPTION IS A REVENUE MODEL, NOT A BUSINESS. Daniil's ruling is applied throughout: Costco and
# BJ's bill an annual membership and are warehouse RETAILERS; gyms are physical-venue consumer
# businesses; only companies whose product is genuinely content and audience are Streaming & Digital
# Media. Rent the Runway bills a subscription and owns the clothes, so it is Owned-Inventory Retail.
#
# TAXONOMY GAP FOUND AND NOT PAPERED OVER. The vocabulary has no bucket for HARDWARE MANUFACTURERS.
# NCR Atleos, Diebold Nixdorf and PAX Global all sell physical ATM and terminal hardware, and all
# three sit under Commerce & Payments Software as the least wrong option. There is also no bucket
# for physical fitness venues or for telecoms, so gyms and Aussie Broadband sit under Consumer Brand
# with the industry field doing the real work. Worth a decision rather than leaving it implicit.
exchange_ticker,company_name,archetype,archetype_secondary,industry,function,buyer,gtm_motion,revenue_model,product_role,ai_stance,acv_usd_disclosed,in_stats,product_tags,what_it_does
NYSE:UPS,United Parcel Service,Local Delivery & On-Demand,Commerce Enablement & Fulfilment,Horizontal,Operations,LOB,ENT_SALES,TRANSACTION_FEE,INFRA_LAYER,AI_EMBEDDED,,1,Parcel Delivery|Ground And Air Network|Own Fleet|Supply Chain Solutions|Freight Brokerage|Healthcare Logistics|Global Scale,"runs an owned ground-and-air parcel network moving packages for e-commerce and enterprise shippers, paid per shipment"
NYSE:FDX,FedEx Corporation,Local Delivery & On-Demand,Commerce Enablement & Fulfilment,Horizontal,Operations,LOB,ENT_SALES,TRANSACTION_FEE,INFRA_LAYER,AI_EMBEDDED,,1,Express Parcel|Air Cargo Network|Ground Delivery|Freight Division|Own Aircraft Fleet|Enterprise Shipping Contracts,operates an owned air-and-ground express network delivering parcels and freight for a per-shipment fee
NYSE:XPO,"XPO, Inc.",Commerce Enablement & Fulfilment,,Horizontal,Supply Chain,LOB,ENT_SALES,TRANSACTION_FEE,INFRA_LAYER,AI_EXPOSED,,1,Less Than Truckload|Own Terminal Network|Freight Trucking|Enterprise Shippers|North American Ground Network|LTL Network Density,runs an owned less-than-truckload trucking network moving palletized freight between its own terminals
NYSE:GXO,"GXO Logistics, Inc.",Commerce Enablement & Fulfilment,,Horizontal,Supply Chain,LOB,ENT_SALES,SERVICES_LED,INFRA_LAYER,AI_EMBEDDED,,1,Contract Warehousing|E-commerce Fulfilment|Outsourced Operations|Warehouse Robotics|Multi-year Client Contracts|Reverse Logistics,runs outsourced warehouses and fulfilment operations under multi-year contracts for large retailers and manufacturers
NYSE:RXO,"RXO, Inc.",Commerce Enablement & Fulfilment,,Horizontal,Supply Chain,LOB,ENT_SALES,TAKE_RATE,AGGREGATOR,AI_EMBEDDED,,1,Truck Brokerage|Digital Freight Matching|Asset-light Model|Full Truckload|Managed Transportation|Carrier Network,"brokers truckload freight between shippers and independent carriers via a digital marketplace, earning the spread"
NASDAQGS:CHRW,C.H. Robinson Worldwide,Commerce Enablement & Fulfilment,,Horizontal,Supply Chain,LOB,ENT_SALES,TAKE_RATE,AGGREGATOR,AI_EMBEDDED,,1,Third Party Logistics|Freight Brokerage|Navisphere Platform|Global Forwarding|Multimodal|Carrier Sourcing,"buys transportation capacity from carriers and resells it to shippers across truck, rail, ocean and air, keeping the margin"
NASDAQGS:EXPD,Expeditors International,Commerce Enablement & Fulfilment,,Horizontal,Supply Chain,LOB,ENT_SALES,TAKE_RATE,AGGREGATOR,AI_EXPOSED,,1,Freight Forwarding|Customs Brokerage|Ocean And Air|Non-asset Model|Global Network|Supply Chain Services,arranges international air and ocean freight and customs clearance for shippers without owning transport assets
NASDAQGS:HUBG,"Hub Group, Inc.",Commerce Enablement & Fulfilment,,Horizontal,Supply Chain,LOB,ENT_SALES,TAKE_RATE,AGGREGATOR,AI_EXPOSED,,1,Intermodal Freight|Truck Brokerage|Logistics Services|Asset-light Trucking|North American Network|Drayage Services,"arranges intermodal rail and truck freight movements for shippers, blending owned drayage with brokered capacity"
NYSEAMERICAN:RLGT,"Radiant Logistics, Inc.",Commerce Enablement & Fulfilment,,Horizontal,Supply Chain,LOB,CHANNEL,TAKE_RATE,AGGREGATOR,AI_EXPOSED,,1,Freight Forwarding|Agent Network|Multimodal Brokerage|Small Cap 3PL|Franchise-like Agents|Acquisition Roll-up,operates a network of independent agent offices that broker freight forwarding and truck brokerage services
NYSE:COLD,Americold Realty Trust,Commerce Enablement & Fulfilment,,Real Estate,Supply Chain,LOB,ENT_SALES,SERVICES_LED,INFRA_LAYER,AI_EXPOSED,,1,Cold Storage REIT|Temperature Controlled Warehousing|Food Logistics|Owned Real Estate|Storage And Handling Fees|REIT Structure,"owns and operates temperature-controlled warehouses, billing food and grocery customers storage and handling fees"
NASDAQGS:LINE,"Lineage, Inc.",Commerce Enablement & Fulfilment,,Real Estate,Supply Chain,LOB,ENT_SALES,SERVICES_LED,INFRA_LAYER,AI_EMBEDDED,,1,Cold Storage REIT|Warehouse Automation|Temperature Controlled Network|Global Footprint|2024 IPO|REIT Structure,"owns and operates the world's largest cold-storage warehouse network, billing food producers for storage and throughput"
LSE:OCDO,Ocado Group plc,Owned-Inventory Retail,Commerce Enablement & Fulfilment,Food & Grocery,Commerce Operations,CONSUMER,PAID_ACQUISITION,GMV_RETAIL,DESTINATION,AI_EMBEDDED,,1,Online Grocery|Automated Fulfilment Centres|Robotics Licensing|Owned Inventory|Ocado Solutions|Grocery Partnerships,"sells groceries directly to consumers via automated warehouses, and separately licenses its robotic fulfilment tech to other grocers"
LSE:CKN,Clarkson PLC,Market Infrastructure & Exchange,Financial Data & Index,Financial Services,Trading & Markets,LOB,ENT_SALES,TRANSACTION_FEE,AGGREGATOR,AI_EXPOSED,,1,Shipbroking|Vessel Chartering|Sale And Purchase|Maritime Research|Shipping Indices|Broking Commissions,"brokers ship chartering and sale-and-purchase deals between shipowners and charterers for commission, and sells maritime market data"
LSE:BBOX,Tritax Big Box REIT plc,Commerce Enablement & Fulfilment,,Real Estate,Supply Chain,LOB,ENT_SALES,SERVICES_LED,INFRA_LAYER,AI_NEUTRAL,,1,Big Box Warehouse REIT|Logistics Real Estate|Long Lease Income|E-commerce Landlord|UK Distribution Centres|Passive Landlord Model,"owns and leases large ""big box"" logistics warehouses to e-commerce and retail tenants under long-term leases"
XTRA:DHL,Deutsche Post AG,Local Delivery & On-Demand,Commerce Enablement & Fulfilment,Horizontal,Operations,LOB,ENT_SALES,TRANSACTION_FEE,INFRA_LAYER,AI_EMBEDDED,,1,DHL Express|German Mail And Parcel|Global Forwarding|Contract Logistics|Cross-border Parcel|Own Air Fleet,"operates the DHL express-parcel network plus German domestic mail, freight forwarding, and contract warehousing"
XTRA:HFG,HelloFresh SE,Owned-Inventory Retail,,Food & Grocery,Commerce Operations,CONSUMER,PAID_ACQUISITION,SUBSCRIPTION_CONSUMER,DESTINATION,AI_EMBEDDED,,1,Meal Kit Subscription|Owned Inventory|Direct To Consumer|Recipe Boxes|Demand Forecasting|Multi-brand Portfolio,buys and packs ingredients into recipe-based meal kits shipped directly to subscribing consumers
ENXTPA:IDL,ID Logistics Group SA,Commerce Enablement & Fulfilment,,Horizontal,Supply Chain,LOB,ENT_SALES,SERVICES_LED,INFRA_LAYER,AI_EMBEDDED,,1,Contract Logistics|Warehouse Operations|E-commerce Fulfilment|Retailer Outsourcing|European And Global Footprint|French Retail Clients,"runs outsourced warehouses under contract for retail and e-commerce clients across Europe, the Americas and Asia"
ENXTPA:STF,STEF SA,Commerce Enablement & Fulfilment,,Food & Grocery,Supply Chain,LOB,ENT_SALES,SERVICES_LED,INFRA_LAYER,AI_EXPOSED,,1,Temperature Controlled Logistics|Food Transport|Cold Chain Warehousing|French And European Network|Dedicated Fleet|Producer To Retailer,transports and warehouses chilled and frozen food on behalf of food producers and retailers across Europe
ENXTAM:PNL,PostNL N.V.,Local Delivery & On-Demand,,Horizontal,Operations,LOB,ENT_SALES,TRANSACTION_FEE,INFRA_LAYER,AI_EXPOSED,,1,Dutch Postal Operator|Parcel Delivery|E-commerce Last Mile|Mail Network|Cross-border Parcel|Postal Universal Service,delivers mail and e-commerce parcels across the Netherlands and cross-border Europe over its own postal network
ENXTAM:INPST,InPost S.A.,Local Delivery & On-Demand,,Horizontal,Operations,CONSUMER,PAID_ACQUISITION,TRANSACTION_FEE,INFRA_LAYER,AI_EMBEDDED,,1,Parcel Locker Network|Out-of-home Delivery|Click And Collect|Own Locker Infrastructure|European Expansion|Mondial Relay,"operates an automated parcel-locker network where consumers collect e-commerce deliveries, billed per parcel to merchants"
CPSE:DSV,DSV A/S,Commerce Enablement & Fulfilment,,Horizontal,Supply Chain,LOB,ENT_SALES,TAKE_RATE,AGGREGATOR,AI_EXPOSED,,1,Global Freight Forwarding|Asset-light Model|Air Sea And Road|Serial Acquirer|Contract Logistics|Danish Headquartered,"arranges global air, sea and road freight for shippers without owning transport assets, buying capacity and reselling it"
CPSE:NTG,NTG Nordic Transport Group,Commerce Enablement & Fulfilment,,Horizontal,Supply Chain,LOB,ENT_SALES,TAKE_RATE,AGGREGATOR,AI_EXPOSED,,1,Nordic Freight Forwarding|Asset-light Trucking|Road And Sea Freight|European Network|Agent Model|Nasdaq Copenhagen Listed,"brokers road, sea and air freight capacity for shippers across the Nordics and Europe"
WSE:PKP,Pkp Cargo S.A.,Commerce Enablement & Fulfilment,,Horizontal,Supply Chain,LOB,ENT_SALES,TRANSACTION_FEE,INFRA_LAYER,AI_NEUTRAL,,1,Rail Freight Carrier|Own Rolling Stock|Intermodal Container Transport|Polish State-linked|Bulk And Intermodal Cargo|Coal And Bulk Cargo,hauls freight and intermodal containers on its own rail rolling stock across Poland and neighboring countries
TSE:9064,Yamato Holdings Co.,Local Delivery & On-Demand,,Horizontal,Operations,CONSUMER,CHANNEL,TRANSACTION_FEE,INFRA_LAYER,AI_EMBEDDED,,1,Takkyubin Parcel Network|Japan Home Delivery|Own Fleet And Depots|Convenience Store Pickup|E-commerce Last Mile|B2C Parcel Leader,"operates Japan's largest door-to-door parcel network (Takkyubin), delivering packages for consumers and e-commerce merchants"
TSE:9143,"SG Holdings Co., Ltd.",Local Delivery & On-Demand,Commerce Enablement & Fulfilment,Horizontal,Operations,LOB,ENT_SALES,TRANSACTION_FEE,INFRA_LAYER,AI_EXPOSED,,1,Sagawa Express|Parcel Delivery Network|Logistics Solutions|Own Trucking Fleet|Japan Domestic Network|Time Definite Delivery,operates the Sagawa Express parcel network plus contract logistics services across Japan
TSE:9147,Nippon Express Holdings,Commerce Enablement & Fulfilment,,Horizontal,Supply Chain,LOB,ENT_SALES,TAKE_RATE,AGGREGATOR,AI_EXPOSED,,1,Freight Forwarding|Global Logistics|Warehousing|Air And Ocean Cargo|Japan-headquartered Network|Project Cargo,"arranges international freight forwarding and runs contract warehousing for shippers, primarily out of Japan"
TSE:9301,Mitsubishi Logistics,Commerce Enablement & Fulfilment,,Horizontal,Supply Chain,LOB,ENT_SALES,SERVICES_LED,INFRA_LAYER,AI_NEUTRAL,,1,Warehousing|Harbor Transport|Real Estate Segment|Mitsubishi Group|Logistics And Property Hybrid|Trading House Affiliated,"operates warehousing and port logistics services, alongside a significant owned commercial real estate portfolio"
TSE:6178,Japan Post Holdings,Digital Bank & Deposits,Local Delivery & On-Demand,Financial Services,Banking & Lending,CONSUMER,CHANNEL,NET_INTEREST,BRAND,AI_NEUTRAL,,1,Postal Bank Insurance Conglomerate|Japan Post Bank|Japan Post Insurance|Branch Network|Yu-Pack Parcel|State-owned Conglomerate,"runs Japan's postal service alongside its own bank and life insurer, with banking and insurance driving most of group value"
TSE:3182,Oisix Inc.,Owned-Inventory Retail,,Food & Grocery,Commerce Operations,CONSUMER,PAID_ACQUISITION,SUBSCRIPTION_CONSUMER,DESTINATION,AI_EMBEDDED,,1,Organic Meal Kit|Grocery Subscription|Owned Inventory|Direct To Consumer|Japan D2C Food|Producer Partnerships,"sells subscription meal kits and organic groceries directly to Japanese consumers, holding its own inventory"
SZSE:002352,"S.F. Holding Co., Ltd.",Local Delivery & On-Demand,Commerce Enablement & Fulfilment,Horizontal,Operations,LOB,ENT_SALES,TRANSACTION_FEE,INFRA_LAYER,AI_EMBEDDED,,1,SF Express|China Parcel Network|Premium Time-definite Delivery|Own Air Fleet|Cold Chain And Supply Chain Units|Shenzhen A-share Listed,"operates China's largest premium express-parcel network via its own ground and air fleet, billed per shipment"
NYSE:ZTO,ZTO Express (Cayman) Inc.,Local Delivery & On-Demand,,Horizontal,Operations,LOB,CHANNEL,TRANSACTION_FEE,INFRA_LAYER,AI_EMBEDDED,,1,China Parcel Network|Franchise Partner Model|E-commerce Last Mile|Sorting Hub Network|Low Cost Volume Carrier|Dual Listed HKEX,moves e-commerce parcels across China through a network of franchised delivery partners and company-owned sorting hubs
SEHK:1519,J&T Global Express Limited,Local Delivery & On-Demand,,Horizontal,Operations,LOB,CHANNEL,TRANSACTION_FEE,INFRA_LAYER,AI_EXPOSED,,1,Southeast Asia Parcel Network|China Express|Cross-border Expansion|Franchise Model|Emerging Market Delivery|Tencent Backed,"delivers e-commerce parcels across China, Southeast Asia and other emerging markets through a franchised courier network"
SEHK:636,KLN Logistics Group,Commerce Enablement & Fulfilment,,Horizontal,Supply Chain,LOB,ENT_SALES,TAKE_RATE,AGGREGATOR,AI_EXPOSED,,1,Integrated Logistics|Freight Forwarding|Contract Logistics|Asia Pacific Network|DHL Majority-owned|Hong Kong Headquartered,provides freight forwarding and contract logistics/warehousing services across Asia Pacific for enterprise shippers
SEHK:598,Sinotrans Limited,Commerce Enablement & Fulfilment,,Horizontal,Supply Chain,LOB,ENT_SALES,TAKE_RATE,AGGREGATOR,AI_EXPOSED,,1,Chinese State Freight Forwarder|Shipping Agency|Warehousing|Supply Chain Services|A/H Dual Listed|State-backed SOE,"provides freight forwarding, shipping agency and warehousing services as a state-backed Chinese logistics group"
NYSE:YMM,Full Truck Alliance Co. Ltd.,Third-Party Marketplace,Commerce Enablement & Fulfilment,Horizontal,Marketplace Operations,LOB,NETWORK_EFFECT,TRANSACTION_FEE,AGGREGATOR,AI_EMBEDDED,,1,Digital Truck Matching|China Trucking Marketplace|Two-sided Network|Freight App|Shipper-carrier Matching|Tencent Backed,"runs a two-sided app matching shippers with independent truckers across China, taking a fee per matched load"
NSEI:DELHIVERY,Delhivery Limited,Local Delivery & On-Demand,Commerce Enablement & Fulfilment,Horizontal,Operations,LOB,ENT_SALES,TRANSACTION_FEE,INFRA_LAYER,AI_EMBEDDED,,1,Tech-enabled Logistics|E-commerce Fulfilment|Express Parcel|Warehousing|Cross-border Freight|Full Stack Supply Chain,"offers a full-stack tech-enabled logistics platform -- express parcel delivery, freight, warehousing and fulfilment -- mainly for Indian e-commerce"
NSEI:BLUEDART,Blue Dart Express Limited,Local Delivery & On-Demand,,Horizontal,Operations,LOB,ENT_SALES,TRANSACTION_FEE,INFRA_LAYER,AI_EXPOSED,,1,Express Parcel India|DHL Affiliate|Own Air And Ground Network|B2B And B2C Delivery|Time-definite Service|Bombay Stock Exchange Also Listed,"operates India's premium express air-and-ground parcel network, majority-owned by DHL"
NSEI:CONCOR,Container Corporation of India,Commerce Enablement & Fulfilment,Local Delivery & On-Demand,Horizontal,Supply Chain,LOB,ENT_SALES,TRANSACTION_FEE,INFRA_LAYER,AI_NEUTRAL,,1,Rail Container Logistics|Intermodal Terminals|Own Rail Rakes|First And Last Mile Trucking|Government-linked|Public Sector Enterprise,"moves containerized cargo on its own rail rakes between inland terminals, also handling first/last-mile trucking"
NSEI:SNOWMAN,Snowman Logistics Limited,Commerce Enablement & Fulfilment,,Food & Grocery,Supply Chain,LOB,ENT_SALES,SERVICES_LED,INFRA_LAYER,AI_EXPOSED,,1,Cold Chain Logistics|Temperature Controlled Warehousing|Reefer Transport|India Dairy And QSR Clients|Gateway Distribution Parks|Indian Cold Chain Pioneer,"operates temperature-controlled warehouses and refrigerated transport for Indian food, dairy and QSR customers"
ASX:LAU,Lindsay Australia Limited,Commerce Enablement & Fulfilment,,Food & Grocery,Supply Chain,LOB,ENT_SALES,SERVICES_LED,INFRA_LAYER,AI_EXPOSED,,1,Fresh Produce Logistics|Refrigerated Transport|Rail And Road Freight|Horticulture Growing Division|Regional Australia Network|Cold Chain Fleet,"transports fresh produce by road and rail for Australian growers and retailers, and also grows and markets fruit itself"
BOVESPA:JSLG3,JSL S.A.,Commerce Enablement & Fulfilment,,Horizontal,Supply Chain,LOB,ENT_SALES,SERVICES_LED,INFRA_LAYER,AI_EXPOSED,,1,Brazilian Road Freight|Dedicated Fleet Outsourcing|Logistics Services|Fleet Management|Simpar Group|Used Truck Sales,"provides dedicated trucking, freight transport and outsourced fleet management for Brazilian corporate customers"
BOVESPA:TGMA3,Tegma Gestao Logistica S.A.,Commerce Enablement & Fulfilment,,Automotive,Supply Chain,LOB,ENT_SALES,SERVICES_LED,INFRA_LAYER,AI_EXPOSED,,1,Automotive Logistics|Vehicle Distribution|PDI Services|OEM Outsourcing|Used Car Marketplace Unit|Brazil OEM Contracts,distributes new vehicles from Brazilian automakers to dealers and provides pre-delivery-inspection logistics services
BMV:TRAXION A,"Grupo Traxion, S.A.B. de C.V.",Commerce Enablement & Fulfilment,,Horizontal,Supply Chain,LOB,ENT_SALES,SERVICES_LED,INFRA_LAYER,AI_EXPOSED,,1,Mexican Freight And Logistics|Passenger Mobility Division|Fleet Leasing|Cargo Transport|Diversified Transportation|Bolsa Mexicana Listed,"provides freight transport and logistics services in Mexico, alongside a separate passenger-mobility/bus division"
IBSE:RYSAS,Reysas Tasimacilik ve Lojistik,Commerce Enablement & Fulfilment,,Horizontal,Supply Chain,LOB,ENT_SALES,SERVICES_LED,INFRA_LAYER,AI_NEUTRAL,,1,Turkish Logistics|Warehousing|Trucking Fleet|Logistics Real Estate Arm|Regional Freight Network|Container Terminal,"provides trucking, warehousing and freight logistics services across Turkey, alongside a listed logistics-property subsidiary"
NYSE:AMN,"AMN Healthcare Services, Inc.",Freelance & Services Marketplace,,Healthcare & Life Sciences,HR & Workforce,LOB,ENT_SALES,SERVICES_LED,AGGREGATOR,AI_EXPOSED,,1,Healthcare Staffing|Travel Nurses|Locum Tenens|Vendor Management System|Workforce Solutions|Hospital Clients,"places travel nurses, physicians and allied health staff with hospitals on temporary contracts, billing a marked-up rate"
NYSE:RBA,"RB Global, Inc.",Third-Party Marketplace,,Automotive,Marketplace Operations,LOB,CHANNEL,TRANSACTION_FEE,AGGREGATOR,AI_EMBEDDED,,1,Equipment Auctions|Vehicle Salvage Auctions|IAA Integration|Buyer And Seller Fees|Online And On-site Bidding|Global Auction Sites,"auctions used heavy equipment and, via IAA, salvage vehicles, charging both buyers and sellers transaction fees"
NASDAQGS:CPRT,"Copart, Inc.",Third-Party Marketplace,,Automotive,Marketplace Operations,LOB,CHANNEL,TRANSACTION_FEE,AGGREGATOR,AI_EMBEDDED,,1,Salvage Vehicle Auctions|Insurance Company Clients|Online Bidding Platform|Vehicle Storage Yards|Global Expansion|Member-based Bidding,"auctions salvage and used vehicles online on behalf of insurers and dealers, charging fees to both sides"
NASDAQGS:LQDT,"Liquidity Services, Inc.",Third-Party Marketplace,,Horizontal,Marketplace Operations,LOB,CHANNEL,TRANSACTION_FEE,AGGREGATOR,AI_EXPOSED,,1,Surplus And Returns Auctions|B2B Liquidation Marketplace|Government Surplus|Retail Returns|Multi-industry Sellers|Machinio Marketplace,"runs online B2B auction marketplaces where retailers, manufacturers and government agencies liquidate surplus and returned goods"
NASDAQGS:XMTR,"Xometry, Inc.",Third-Party Marketplace,,Manufacturing,Marketplace Operations,LOB,PLG,TAKE_RATE,AGGREGATOR,AI_EMBEDDED,,1,On-demand Manufacturing|Custom Parts Marketplace|CNC And 3D Printing|Instant Quoting|Supplier Network|Marketplace Take Rate,"matches buyers of custom-manufactured parts with a network of machine shops, instantly quoting jobs via AI pricing"
NASDAQGM:GCT,GigaCloud Technology Inc,Third-Party Marketplace,Commerce Enablement & Fulfilment,Retail & E-commerce,Marketplace Operations,LOB,CHANNEL,TAKE_RATE,AGGREGATOR,AI_EXPOSED,,1,B2B Marketplace|Large Parcel Goods|Cross-border Sourcing|Own Fulfilment Network|Furniture And Appliances|Nasdaq Listed,"runs a B2B marketplace connecting Asian manufacturers of large-parcel goods (furniture, appliances) with global resellers, plus its own fulfilment network"
NASDAQGM:CRGO,Freightos Limited,Third-Party Marketplace,,Horizontal,Marketplace Operations,LOB,PLG,TRANSACTION_FEE,AGGREGATOR,AI_EMBEDDED,,1,Digital Freight Booking|Ocean And Air Rate Marketplace|WebCargo Airline Platform|Freight Marketplace|Instant Booking|SaaS Rate Management,runs an online marketplace where shippers instantly compare and book ocean and air freight rates from forwarders and airlines
NASDAQGS:ZIP,"ZipRecruiter, Inc.",Classifieds & Listings,,Recruitment & Work,Listings & Discovery,SMB,PAID_ACQUISITION,LISTING_FEE,AGGREGATOR,AI_EMBEDDED,,1,Job Board|AI Matching|Employer Job Postings|Resume Database|Multi-site Distribution|Subscription Postings,"lets employers post job openings and uses AI matching to surface candidates, charging subscription/listing fees"
NYSE:DHX,"DHI Group, Inc.",Classifieds & Listings,,Recruitment & Work,Listings & Discovery,SMB,PAID_ACQUISITION,LISTING_FEE,DESTINATION,AI_EMBEDDED,,1,Tech Job Board|Dice.com|ClearanceJobs|Employer Subscriptions|Candidate Database|Niche Vertical Recruiting,"runs Dice.com and ClearanceJobs, niche job boards for tech and security-cleared talent, selling employer subscriptions"
NASDAQGS:BZ,Kanzhun Limited,Classifieds & Listings,,Recruitment & Work,Listings & Discovery,SMB,PAID_ACQUISITION,LISTING_FEE,AGGREGATOR,AI_EMBEDDED,,1,Boss Zhipin App|Direct Chat Recruiting|China Job Marketplace|Employer Subscriptions|AI Matching|Freemium Jobseeker App,"runs the Boss Zhipin app, letting Chinese employers and jobseekers chat directly, monetized via employer subscriptions"
NASDAQGS:LZ,"LegalZoom.com, Inc.",Vertical Software,Freelance & Services Marketplace,Legal & Professional Services,Legal & Compliance,CONSUMER,PAID_ACQUISITION,SUBSCRIPTION_CONSUMER,DESTINATION,AI_EXPOSED,,1,Online Legal Documents|Business Formation|Attorney Network|Subscription Legal Plans|Consumer And SMB|Registered Agent Services,"sells DIY legal document and business-formation subscriptions to consumers and small businesses, with an attorney referral network"
LSE:RWA,Robert Walters plc,Freelance & Services Marketplace,,Recruitment & Work,HR & Workforce,LOB,ENT_SALES,SERVICES_LED,AGGREGATOR,AI_EXPOSED,,1,Professional Recruitment|Permanent And Contract Placement|Specialist Consultants|Global Offices|White Collar Staffing|Executive Search,"places professional and specialist candidates with employers on permanent or contract terms, earning placement/markup fees"
LSE:ATG,Auction Technology Group plc,Third-Party Marketplace,,Horizontal,Marketplace Operations,LOB,CHANNEL,TAKE_RATE,AGGREGATOR,AI_EMBEDDED,,1,Online Auction Platforms|Third Party Auctioneer Software|LiveAuctioneers|Bidspotter|Industrial And Estate Sales|Marketplace-plus-software Model,"operates online bidding platforms (LiveAuctioneers, BidSpotter and others) that let independent auctioneers sell to global bidders, taking a buyer-side fee"
LSE:HAS,Hays plc,Freelance & Services Marketplace,,Recruitment & Work,HR & Workforce,LOB,ENT_SALES,SERVICES_LED,AGGREGATOR,AI_EXPOSED,,1,Global Staffing|Permanent And Temp Placement|Specialist Recruitment|Branch Network|White Collar And Technical|IT And Finance Specialisms,"places permanent and temporary professional staff with employers across many specialisms and countries, earning placement/markup fees"
ASX:HPG,hipages Group Holdings,Freelance & Services Marketplace,,Home & Field Services,Marketplace Operations,SMB,PAID_ACQUISITION,SUBSCRIPTION_CONSUMER,AGGREGATOR,AI_EMBEDDED,,1,Tradie Marketplace|Home Services Leads|Subscription For Tradespeople|Consumer Job Requests|Australia|Lead Generation Model,connects consumers needing home trade work with tradespeople who pay a subscription for job leads
ASX:ART,Airtasker Limited,Freelance & Services Marketplace,,Horizontal,Marketplace Operations,CONSUMER,NETWORK_EFFECT,TAKE_RATE,AGGREGATOR,AI_EXPOSED,,1,Task Marketplace|Gig Economy|Local Services|Consumer To Consumer|Bidding For Jobs|UK And US Expansion,"lets consumers post local tasks and errands that individual taskers bid on, taking a service fee from the transaction"
ASX:FLN,Freelancer Limited,Freelance & Services Marketplace,,Horizontal,Marketplace Operations,SMB,NETWORK_EFFECT,TAKE_RATE,AGGREGATOR,AI_EXPOSED,,1,Global Freelance Marketplace|Project Bidding|Contest-based Work|Escrow Payments|Digital And Professional Skills|Escrow Payments Unit,"runs a global marketplace where businesses post projects that freelancers bid on, taking a fee on payments"
ASX:ELD,Elders Limited,Third-Party Marketplace,,Horizontal,Trading & Markets,LOB,CHANNEL,TRANSACTION_FEE,AGGREGATOR,AI_NEUTRAL,,1,Agribusiness Conglomerate|Livestock And Wool Broking|Rural Merchandise|Farm Real Estate|Branch And Agent Network|Agricultural Inputs Retail,brokers livestock and wool sales and sells farm inputs and services to Australian and NZ rural customers through a branch network
TSE:4194,"Visional, Inc.",Classifieds & Listings,Vertical Software,Recruitment & Work,Listings & Discovery,SMB,PLG,LISTING_FEE,AGGREGATOR,AI_EMBEDDED,,1,BizReach Job Platform|Direct Recruiting|Employer Subscriptions|HR SaaS Portfolio|Scout-based Matching|Tokyo Prime Listed,"runs the BizReach direct-recruiting platform where employers scout candidates directly, plus a portfolio of HR SaaS tools"
TSE:2175,"SMS Co., Ltd.",Classifieds & Listings,Vertical Software,Healthcare & Life Sciences,HR & Workforce,SMB,PAID_ACQUISITION,LISTING_FEE,AGGREGATOR,AI_EXPOSED,,1,Caregiver Job Matching|Elder Care Recruitment|Healthcare Information Media|Facility SaaS|Japan Aging Population|Nursing Facility Software,"matches caregivers and nurses with elder-care employers via job platforms, and sells software to care facilities"
TSE:4480,"Medley, Inc.",Classifieds & Listings,Vertical Software,Healthcare & Life Sciences,HR & Workforce,SMB,PAID_ACQUISITION,LISTING_FEE,AGGREGATOR,AI_EMBEDDED,,1,Job Medley Caregiver Listings|CLINICS Telemedicine|Healthcare Information Media|Recruitment And SaaS Hybrid|Telemedicine Platform|Job Listings Hybrid,runs the Job Medley caregiver/healthcare job-listings platform alongside a separate CLINICS telemedicine SaaS product
TSE:3064,"MonotaRO Co., Ltd.",Third-Party Marketplace,,Manufacturing,Marketplace Operations,SMB,PLG,PRODUCT_SALES,DESTINATION,AI_EMBEDDED,,1,MRO E-commerce|Industrial Supplies|Own Inventory Plus Marketplace|Small Business Buyers|Japan B2B Distribution|SMB Long Tail Customers,"sells maintenance-repair-operations supplies to Japanese businesses online, from both owned inventory and a growing third-party marketplace"
TSE:2492,Infomart Corporation,Third-Party Marketplace,Business Applications,Food & Grocery,Supply Chain,SMB,PLG,TRANSACTION_FEE,AGGREGATOR,AI_EXPOSED,,1,Foodservice B2B Platform|Restaurant Supplier Ordering|EDI Ordering|BtoB e-invoicing|Japan Food Supply Chain|Cloud Invoicing SaaS,"runs a B2B ordering platform connecting restaurants and food-service operators with their suppliers, plus a separate e-invoicing SaaS product"
TSE:6027,"Bengo4.com, Inc.",Classifieds & Listings,Business Applications,Legal & Professional Services,Legal & Compliance,CONSUMER,PLG,LISTING_FEE,AGGREGATOR,AI_EMBEDDED,,1,Lawyer Matching Portal|Legal Consultation Q&A|CloudSign E-signature|Consumer Legal Referral|Japan Legal Tech|E-signature SaaS,"runs Japan's largest lawyer-matching/consultation portal, and separately sells the CloudSign e-signature SaaS product"
TSE:2379,DIP Corporation,Classifieds & Listings,,Recruitment & Work,Listings & Discovery,SMB,PAID_ACQUISITION,LISTING_FEE,DESTINATION,AI_EMBEDDED,,1,Baitoru Job Listings|Part-time Job Media|Employer Postings|AI Recommend Matching|Japan Recruitment Media|Baito Hourly Jobs,"runs Baitoru and other Japanese job-listing media for part-time and mid-career hiring, monetized via employer job postings"
TSE:4849,en Inc.,Classifieds & Listings,,Recruitment & Work,Listings & Discovery,SMB,PAID_ACQUISITION,LISTING_FEE,DESTINATION,AI_EMBEDDED,,1,en-japan Job Media|Career Change Listings|Employer Job Postings|Recruitment Media Portfolio|Japan Job Board|Global HR Business Also,"runs en-japan job-listing media serving career-change and new-graduate hiring, monetized via employer job postings"
NSEI:INDIAMART,IndiaMART InterMESH Limited,Third-Party Marketplace,,Manufacturing,Marketplace Operations,SMB,PLG,LISTING_FEE,AGGREGATOR,AI_EMBEDDED,,1,B2B Marketplace India|Supplier Discovery|SMB Sellers|Lead Generation Subscriptions|Industrial And General Goods|Freemium Buyer Access,"runs India's largest B2B marketplace connecting business buyers with suppliers, monetized via seller subscriptions for leads"
XTRA:AG1,AUTO1 Group SE,Third-Party Marketplace,Owned-Inventory Retail,Automotive,Marketplace Operations,LOB,PAID_ACQUISITION,GMV_RETAIL,AGGREGATOR,AI_EMBEDDED,,1,Used Car Wholesale|Autohero Retail Brand|Online Car Buying|Dealer B2B Auction|Pan-European Network|Instant Online Valuation,"buys used cars from consumers and dealers and resells them wholesale to dealers online, with a smaller direct-to-consumer retail arm (Autohero)"
NASDAQGS:COST,Costco Wholesale Corporation,Owned-Inventory Retail,,Retail & E-commerce,Commerce Operations,CONSUMER,ORGANIC_BRAND,PRODUCT_SALES,DESTINATION,AI_NEUTRAL,,1,Warehouse Club|Bulk Retail|Private Label|Membership Fee|Big Box|US Grocery,"operates membership-only warehouse clubs selling groceries and general merchandise in bulk, earning most of its profit from annual membership fees"
NYSE:BJ,BJ's Wholesale Club Holdings,Owned-Inventory Retail,,Retail & E-commerce,Commerce Operations,CONSUMER,ORGANIC_BRAND,PRODUCT_SALES,DESTINATION,AI_NEUTRAL,,1,Warehouse Club|Bulk Retail|Membership Fee|East Coast US|Grocery|Big Box,runs membership warehouse clubs in the eastern US selling bulk groceries and general merchandise
NASDAQGS:PSMT,"PriceSmart, Inc.",Owned-Inventory Retail,,Retail & E-commerce,Commerce Operations,CONSUMER,ORGANIC_BRAND,PRODUCT_SALES,DESTINATION,AI_NEUTRAL,,1,Warehouse Club|Bulk Retail|Membership Fee|Latin America|Caribbean|Central America,operates membership warehouse clubs across Latin America and the Caribbean selling bulk groceries and merchandise
NYSE:PLNT,"Planet Fitness, Inc.",Consumer Brand,,Hospitality,Operations,CONSUMER,CHANNEL,SUBSCRIPTION_CONSUMER,DESTINATION,AI_NEUTRAL,,1,Low-Cost Gym Franchise|Judgement Free Zone Brand|Black Card Upsell|US Franchise Model|Recurring Membership|Mass Market Fitness,"franchises and operates low-cost gyms across the US, earning recurring monthly membership dues plus franchise and equipment royalties"
NYSE:LTH,Life Time Group Holdings,Consumer Brand,,Hospitality,Operations,CONSUMER,ORGANIC_BRAND,SUBSCRIPTION_CONSUMER,DESTINATION,AI_NEUTRAL,,1,Premium Fitness|Athletic Country Club|Membership|Physical Locations|Wellness Resort|US Upscale,"operates upscale athletic country clubs offering fitness, spa, and wellness amenities for a premium recurring membership fee"
NASDAQGM:TRUP,"Trupanion, Inc.",Insurance Technology,,Insurance,Finance & Payments,CONSUMER,CHANNEL,SUBSCRIPTION_CONSUMER,SOE,AI_EMBEDDED,,1,Pet Insurance|Monthly Premium|Vet Direct Pay|Recurring Premium|North America|Underwriting,"underwrites and administers monthly pet insurance policies, paying veterinary claims directly and instantly at the clinic"
NASDAQGS:FTDR,"Frontdoor, Inc.",Insurance Technology,,Home & Field Services,Customer Service,CONSUMER,CHANNEL,SUBSCRIPTION_CONSUMER,SOE,AI_NEUTRAL,,1,Home Warranty|Contractor Dispatch|Annual Plan|Real Estate Channel|US Residential|Service Contracts,"sells annual home warranty plans covering the repair or replacement of home systems and appliances, dispatching a network of contractors when something breaks"
NYSE:ADT,ADT Inc.,Consumer Brand,,Security & Property,Security,CONSUMER,CHANNEL,SUBSCRIPTION_CONSUMER,SOE,AI_EMBEDDED,,1,Home Security|Alarm Monitoring|Smart Home|Recurring Monitoring Fee|Dealer Network|US Residential,"installs and monitors home and business security systems, charging a recurring monthly fee for 24/7 alarm monitoring"
NYSE:ARLO,"Arlo Technologies, Inc.",Consumer Brand,,Security & Property,Security,CONSUMER,CHANNEL,SUBSCRIPTION_CONSUMER,SOE,AI_EMBEDDED,,1,Smart Home Camera|Cloud Video Subscription|Hardware Plus Service|DTC and Retail|AI Detection|Consumer IoT,"sells smart security cameras and related hardware, then monetizes an attached cloud video-storage and AI-alert subscription"
NYSE:FUBO,FuboTV Inc.,Streaming & Digital Media,,Media & Gaming,Content & Community,CONSUMER,PAID_ACQUISITION,SUBSCRIPTION_CONSUMER,AGGREGATOR,AI_NEUTRAL,,1,Live TV Streaming|Sports vMVPD|Channel Bundle|Ad Supported Tier|Cord Cutting|US Streaming,"streams live TV channel bundles skewed toward sports, monetized through monthly subscriptions plus advertising"
NASDAQCM:CURI,CuriosityStream Inc.,Streaming & Digital Media,,Media & Gaming,Content & Community,CONSUMER,PAID_ACQUISITION,SUBSCRIPTION_CONSUMER,DESTINATION,AI_NEUTRAL,,1,Documentary Streaming|Factual Content Library|Direct and Wholesale Distribution|Educational Video|Niche SVOD|Licensing Revenue,streams documentary and factual video content directly to subscribers and through wholesale distribution deals with other platforms
NASDAQGM:WW,"WW International, Inc.",Consumer Brand,,Healthcare & Life Sciences,Customer Engagement,CONSUMER,PAID_ACQUISITION,SUBSCRIPTION_CONSUMER,BRAND,AI_NEUTRAL,,1,Weight Loss Program|GLP-1 Telehealth Clinic|Points-Based Coaching|Digital Subscription App|Legacy Workshops|Weight Management Brand,sells a subscription weight-management program combining behavioral coaching content with a newer GLP-1 telehealth clinic that prescribes weight-loss medication
NASDAQGM:RENT,"Rent the Runway, Inc.",Owned-Inventory Retail,,Apparel & Beauty,Commerce Operations,CONSUMER,PAID_ACQUISITION,SUBSCRIPTION_CONSUMER,AGGREGATOR,AI_NEUTRAL,,1,Clothing Rental|Owned Inventory|Designer Apparel|Subscription Rental|Reverse Logistics|US Fashion,"rents designer clothing and accessories from its own owned inventory to subscribers, handling cleaning and reverse logistics between rentals"
NASDAQGM:LFMD,"LifeMD, Inc.",Consumer Brand,,Healthcare & Life Sciences,Customer Engagement,CONSUMER,PAID_ACQUISITION,SUBSCRIPTION_CONSUMER,SOE,AI_NEUTRAL,,1,Telehealth|GLP-1 Weight Management|DTC Subscription|Prescription Fulfillment|Direct-to-Consumer Healthcare|US Virtual Care,"operates a direct-to-consumer telehealth platform connecting patients with clinicians for weight-management (GLP-1), male health, and primary-care subscriptions, bundled with prescription fulfillment"
NYSE:ROL,"Rollins, Inc.",Consumer Brand,,Home & Field Services,Operations,CONSUMER,CHANNEL,SERVICES_LED,SOE,AI_NEUTRAL,,1,Pest Control|Recurring Route Service|Orkin Brand|Residential and Commercial|Termite Protection|Field Service,"provides recurring pest and termite control services to homes and businesses through branded technician routes, primarily under the Orkin brand"
NASDAQGS:PTON,"Peloton Interactive, Inc.",Consumer Brand,Streaming & Digital Media,Hospitality,Content & Community,CONSUMER,PAID_ACQUISITION,SUBSCRIPTION_CONSUMER,BRAND,AI_EMBEDDED,,1,Connected Fitness Hardware|Workout Content Library|Recurring App Subscription|Peloton IQ AI Coaching|Home Fitness|Hardware Plus Content,"sells connected exercise bikes and treads paired with a recurring subscription to live and on-demand workout classes, with subscription now the larger revenue stream"
NYSE:NRDY,Nerdy Inc.,Online Learning,,Education,Content & Community,CONSUMER,PAID_ACQUISITION,SUBSCRIPTION_CONSUMER,SOE,AI_EMBEDDED,,1,Live Online Tutoring|Learning Memberships|K-12 and College Subjects|School District Partnerships|AI-Assisted Tutoring|US EdTech,"connects students with live online tutors across school subjects and test prep through recurring Learning Membership subscriptions, plus AI-assisted instant-help tools"
ENXTAM:BFIT,Basic-Fit N.V.,Consumer Brand,,Hospitality,Operations,CONSUMER,PAID_ACQUISITION,SUBSCRIPTION_CONSUMER,DESTINATION,AI_NEUTRAL,,1,Budget Gym Chain|Continental Europe Rollout|Company-Owned Clubs|Recurring Membership|Low-Cost Fitness|Multi-Country Expansion,"operates a chain of company-owned low-cost gyms across continental Europe, billed as a recurring monthly membership"
LSE:GYM,The Gym Group plc,Consumer Brand,,Hospitality,Operations,CONSUMER,PAID_ACQUISITION,SUBSCRIPTION_CONSUMER,DESTINATION,AI_NEUTRAL,,1,UK Budget Gym|No-Contract Membership|24-Hour Access|Company-Owned Clubs|Low-Cost Fitness|Recurring Membership,"operates low-cost, no-contract gyms across the UK, billed as a recurring monthly membership"
LSE:WINE,Naked Wines plc,Owned-Inventory Retail,,Food & Grocery,Commerce Operations,CONSUMER,PAID_ACQUISITION,PRODUCT_SALES,AGGREGATOR,AI_NEUTRAL,,1,Direct-to-Consumer Wine|Winemaker Funding|Monthly Deposit Credit|Owned Inventory|Angel Membership|UK and US,"sells wine directly to consumers that it commissions from independent winemakers it pre-funds, using a monthly deposit credited toward purchases"
LSE:PETS,Pets at Home Group Plc,Owned-Inventory Retail,,Retail & E-commerce,Commerce Operations,CONSUMER,ORGANIC_BRAND,PRODUCT_SALES,DESTINATION,AI_NEUTRAL,,1,Pet Retail|Vet Practice JV|Grooming Services|Pet Insurance Referral|UK Omnichannel|Owned Inventory,"retails pet food and supplies through UK stores and online, with attached veterinary practices and grooming salons operated under a joint-venture model"
ENXTPA:DEEZR,Deezer S.A.,Streaming & Digital Media,,Media & Gaming,Content & Community,CONSUMER,CHANNEL,SUBSCRIPTION_CONSUMER,DESTINATION,AI_EMBEDDED,,1,Music Streaming|Telecom Bundling Distribution|AI Content Detection|Personalized Recommendations|France Headquartered|Subscription and Ad-Supported,"streams music by subscription and ad-supported tiers, distributed significantly through telecom-operator bundling partnerships across markets"
OM:VPLAY B,Viaplay Group AB (publ),Streaming & Digital Media,,Media & Gaming,Content & Community,CONSUMER,PAID_ACQUISITION,SUBSCRIPTION_CONSUMER,DESTINATION,AI_NEUTRAL,,1,Nordic Streaming|Sports Rights|Original Drama|Subscription VOD|Multi-Market Europe|Pay TV Alternative,streams sports and original drama content by subscription across Nordic and select European markets
OM:VSURE,Verisure plc,Consumer Brand,,Security & Property,Security,CONSUMER,CHANNEL,SUBSCRIPTION_CONSUMER,SOE,AI_EMBEDDED,,1,Monitored Home Security|Door-to-Door Sales|24/7 Alarm Response|Smart Security Devices|Europe and Latin America|AI Video Verification,"sells and monitors home and business security systems across Europe and Latin America via a direct door-to-door sales force, billed as a recurring monitoring fee"
TSE:9418,U-NEXT HOLDINGS,Streaming & Digital Media,,Media & Gaming,Content & Community,CONSUMER,PAID_ACQUISITION,SUBSCRIPTION_CONSUMER,DESTINATION,AI_NEUTRAL,,1,Japan SVOD Streaming|Background Music for Business|Mobile MVNO|Home Broadband|Diversified Media Telecom|Content Plus Connectivity,"streams video content via its U-NEXT SVOD service in Japan while also running a background-music-for-business unit, a mobile carrier, and home broadband, formed from the USEN-NEXT merger"
TSE:2193,Cookpad Inc.,Streaming & Digital Media,,Food & Grocery,Content & Community,CONSUMER,NETWORK_EFFECT,SUBSCRIPTION_CONSUMER,AGGREGATOR,AI_NEUTRAL,,1,User-Generated Recipes|Premium Search Subscription|Advertising Revenue|Recipe Data Licensing|Japan Core Market|UGC Content Community,"lets home cooks share and search user-submitted recipes, monetized through a Japan-focused premium membership plus advertising"
TSE:7085,CURVES HOLDINGS,Consumer Brand,,Hospitality,Operations,CONSUMER,CHANNEL,SUBSCRIPTION_CONSUMER,DESTINATION,AI_NEUTRAL,,1,Female-Focused Fitness Franchise|30-Minute Circuit Training|Japan Master Franchise|Small-Box Gym|Membership Fee|Franchise Royalty,"franchises small-format 30-minute circuit-training gyms for women across Japan and other Asian markets, earning membership and franchise royalty revenue"
TSE:4686,JustSystems Corporation,Online Learning,Business Applications,Education,Content & Community,CONSUMER,PAID_ACQUISITION,SUBSCRIPTION_CONSUMER,SOE,AI_EMBEDDED,,1,Tablet Home Learning|K-12 EdTech Subscription|Japanese Word Processor|Japanese IME Software|Government Office Software Legacy|Consumer EdTech Pivot,"today generates most of its revenue from Smile Zemi, a subscription tablet-based home-learning service for Japanese children, alongside its legacy Ichitaro word-processor and ATOK input-method software sold mainly to Japanese government and enterprise"
ASX:VVA,Viva Leisure Limited,Consumer Brand,,Hospitality,Operations,CONSUMER,CHANNEL,SUBSCRIPTION_CONSUMER,DESTINATION,AI_NEUTRAL,,1,Australian Fitness Roll-Up|Multi-Brand Gym Portfolio|Master Franchise Rights|24-Hour Gyms|Boutique Studio Brands|Recurring Membership,"owns and operates a portfolio of Australian gym and boutique fitness studio brands, billed as recurring memberships"
ASX:ABB,Aussie Broadband Limited,Consumer Brand,,Telecom,Customer Service,CONSUMER,PAID_ACQUISITION,SUBSCRIPTION_CONSUMER,INFRA_LAYER,AI_NEUTRAL,,1,NBN Broadband|Mobile Reseller|Business Telecom|Australia ISP|Customer Service Brand|Fixed Wireless,"sells NBN broadband, mobile, and business telecom connectivity plans in Australia on a recurring subscription basis, differentiated by locally based customer support"
NSEI:MATRIMONY,Matrimony.com Limited,Dating & Social Network,Third-Party Marketplace,Dating & Relationships,Listings & Discovery,CONSUMER,ORGANIC_BRAND,SUBSCRIPTION_CONSUMER,AGGREGATOR,AI_EMBEDDED,,1,Arranged Marriage Matchmaking|Subscription Profile Access|Regional Language Platforms|Wedding Services Marketplace Pivot|India Matrimony|AI Match Recommendations,"runs subscription-based matrimonial matchmaking platforms (BharatMatrimony and regional brands) in India, recently adding a commission-based wedding-services marketplace"
NASDAQCM:RPAY,Repay Holdings Corporation,Merchant Acquiring & PSP,Commerce & Payments Software,Financial Services,Finance & Payments,LOB,CHANNEL,TRANSACTION_FEE,INFRA_LAYER,AI_NEUTRAL,,1,Embedded Lending Payments|Auto Finance Vertical|Healthcare Patient Pay|B2B AP Payments|Loan Servicing Integration|US Vertical Payments,"embeds card and ACH payment processing into loan-servicing and practice-management software for auto finance, consumer lending, healthcare, and B2B verticals"
NASDAQCM:PRTH,Priority Technology Holdings,Merchant Acquiring & PSP,Commerce & Payments Software,Financial Services,Finance & Payments,SMB,CHANNEL,TAKE_RATE,PLATFORM_SUITE,AI_NEUTRAL,,1,SMB Merchant Acquiring|ISO Reseller Network|Commercial AP Automation|Embedded Banking|Unified Commerce|US Payments,processes card payments for small merchants through an ISO reseller network and layers on commercial AP automation and embedded banking services
NASDAQGM:USIO,"Usio, Inc.",Merchant Acquiring & PSP,Commerce & Payments Software,Financial Services,Finance & Payments,LOB,ENT_SALES,TRANSACTION_FEE,INFRA_LAYER,AI_NEUTRAL,,1,Prepaid Card Issuing|ACH and Card Processing|Bill Payment Services|Government and Education Billing|Small Cap Payments|US Niche Verticals,"provides prepaid card issuing, ACH and card processing, and bill-payment services to niche verticals such as government, education, and healthcare billers"
NASDAQGS:CASH,"Pathward Financial, Inc.",Digital Bank & Deposits,Commerce & Payments Software,Financial Services,Banking & Lending,ENT_IT,CHANNEL,NET_INTEREST,INFRA_LAYER,AI_NEUTRAL,,1,Banking-as-a-Service|Prepaid Card Issuing Bank|Tax Refund Advance Lending|Commercial Equipment Finance|Fintech Sponsor Bank|US Chartered Bank,"is a federally chartered bank that issues prepaid and debit cards for fintech partners, funds tax-refund advance and other consumer lending products, and provides commercial equipment financing"
NYSE:PAY,Paymentus Holdings,Commerce & Payments Software,,Horizontal,Finance & Payments,ENT_IT,ENT_SALES,TRANSACTION_FEE,INFRA_LAYER,AI_NEUTRAL,,1,Bill Payment SaaS|Utility and Government Billers|IVR and Digital Wallet Payments|Biller-Direct Integration|Cloud Bill Pay|US Enterprise Billers,"provides cloud software that lets utilities, governments, and insurers accept electronic bill payments across web, IVR, and digital wallets, earning a per-transaction fee"
NASDAQGS:WAY,Waystar Holding Corp.,Vertical Software,Commerce & Payments Software,Healthcare & Life Sciences,Finance & Payments,ENT_IT,ENT_SALES,TRANSACTION_FEE,SOR,AI_EMBEDDED,,1,Healthcare Revenue Cycle SaaS|Claims Clearinghouse|Denial Management AI|Patient Payments|Hospital and Provider Software|US Healthcare IT,"provides cloud software that automates claims submission, denial management, and patient payments for healthcare providers, priced on transaction volume"
NYSE:PHR,"Phreesia, Inc.",Vertical Software,Commerce & Payments Software,Healthcare & Life Sciences,Customer Engagement,ENT_IT,ENT_SALES,CONSUMPTION,SOE,AI_EMBEDDED,,1,Patient Intake Software|Digital Check-In|Payment Estimation|Patient Engagement|Healthcare Provider SaaS|Per-Visit Pricing,"provides digital patient check-in, insurance verification, and payment-estimation software to healthcare provider offices, billed on a per-patient-visit basis"
NYSE:NATL,NCR Atleos Corporation,Commerce & Payments Software,,Financial Services,Operations,ENT_IT,ENT_SALES,SERVICES_LED,INFRA_LAYER,AI_NEUTRAL,,1,ATM Hardware and Managed Services|Self-Service Banking|Cash Automation|Allpoint Surcharge-Free Network|Bank and Retail Clients|Hardware Plus Services,"manufactures ATMs and runs outsourced self-service banking and cash-management operations for banks and retailers, plus a surcharge-free ATM network"
NYSE:DBD,"Diebold Nixdorf, Incorporated",Commerce & Payments Software,,Financial Services,Operations,ENT_IT,ENT_SALES,SERVICES_LED,INFRA_LAYER,AI_NEUTRAL,,1,ATM and Self-Checkout Hardware|Bank Branch Technology|Retail POS Systems|Managed Services|Global Cash Automation|Hardware Plus Services,manufactures ATMs and retail self-checkout/POS hardware and provides maintenance and managed services to banks and retailers worldwide
NYSE:WEX,WEX Inc.,Payment Network,Commerce & Payments Software,Financial Services,Finance & Payments,LOB,CHANNEL,TRANSACTION_FEE,INFRA_LAYER,AI_NEUTRAL,,1,Fleet Card Network|Corporate Virtual Cards|Travel and B2B Payments|HSA and Benefits Administration|Closed-Loop Payments|US Multi-Vertical,"operates closed-loop fleet fuel card networks and corporate virtual-card payment rails, plus a health and employee-benefits administration business, earning transaction and program fees"
NASDAQGS:CASS,Cass Information Systems,Business Applications,Commerce & Payments Software,Financial Services,Finance & Payments,LOB,ENT_SALES,SERVICES_LED,SOR,AI_NEUTRAL,,1,Freight Bill Audit and Payment|Utility Bill Processing|Outsourced AP|Small Commercial Bank|B2B Invoice|Enterprise Services,"audits and pays freight and utility invoices on behalf of large enterprise clients, earning processing fees plus interest income through its small affiliated bank"
TASE:NYAX,Nayax Ltd.,Merchant Acquiring & PSP,Commerce & Payments Software,Retail & E-commerce,Commerce Operations,SMB,CHANNEL,TRANSACTION_FEE,PLATFORM_SUITE,AI_NEUTRAL,,1,Unattended Retail Payments|Vending Machine Terminals|Cashless Payment Hardware|Vending Management SaaS|Global Distributor Network|Self-Service Commerce,"sells cashless payment terminals and management software to vending, laundry, and other unattended-retail operators worldwide, earning both hardware and transaction-fee revenue"
ENXTPA:WLN,Worldline SA,Merchant Acquiring & PSP,Commerce & Payments Software,Financial Services,Finance & Payments,SMB,CHANNEL,TAKE_RATE,INFRA_LAYER,AI_NEUTRAL,,1,European Payment Processing|Merchant Acquiring|Bank Card Issuing Processing|Mobility Ticketing|Cross-Border Payments|Enterprise Payments,"processes card payments for merchants and banks across Europe and provides transit and government e-ticketing systems, earning per-transaction fees"
LSE:PAY,PayPoint plc,Merchant Acquiring & PSP,Commerce & Payments Software,Financial Services,Finance & Payments,SMB,CHANNEL,TRANSACTION_FEE,INFRA_LAYER,AI_NEUTRAL,,1,UK Bill Payment Network|Convenience Store Terminals|Card Machine Leasing|Parcel Collection|SME Merchant Services|Cash Payment Network,"operates a network of bill-payment and card terminals in UK convenience stores and leases card machines to small merchants, earning transaction and rental fees"
SEHK:0327,PAX Global Technology,Commerce & Payments Software,,Financial Services,Operations,ENT_IT,CHANNEL,PRODUCT_SALES,INFRA_LAYER,AI_NEUTRAL,,1,POS Terminal Hardware|Global Distributor Network|Android Payment Devices|Hong Kong Listed|Hardware Manufacturer|Sold to Acquirers and PSPs,"manufactures point-of-sale payment terminals sold to acquirers, PSPs, and banks worldwide through a global distributor network"
TSE:4819,"Digital Garage, Inc.",Merchant Acquiring & PSP,Crypto & Digital Assets,Financial Services,Finance & Payments,SMB,CHANNEL,TAKE_RATE,INFRA_LAYER,AI_NEUTRAL,,1,Japan Fintech|Payment Gateway|Crypto Holdings|Conglomerate|Marketing Tech|Venture Incubation,"operates a Japanese payment-gateway and fintech business alongside marketing-technology and venture-investment units, increasingly positioning around bitcoin and blockchain"
TSE:4477,"BASE, Inc.",Commerce Enablement & Fulfilment,Merchant Acquiring & PSP,Retail & E-commerce,Commerce Operations,SMB,PLG,TAKE_RATE,PLATFORM_SUITE,AI_NEUTRAL,,1,Japan Ecommerce SaaS|Storefront Builder|Embedded Payments|SMB Merchants|Shopify Competitor|BNPL Wallet,"lets small Japanese merchants spin up online stores for free and monetizes through transaction and payment-processing fees, alongside a consumer payments wallet"
NSEI:CCAVENUE,AvenuesAI Limited,Merchant Acquiring & PSP,Commerce & Payments Software,Financial Services,Finance & Payments,SMB,CHANNEL,TAKE_RATE,INFRA_LAYER,AI_EMBEDDED,,1,India Payment Gateway|CCAvenue Brand|Cross-Border Ecommerce Payments|AI Agentic Commerce Rebrand|SMB and Enterprise Merchants|Take-Rate Payments,"operates the CCAvenue online payment gateway for Indian and international e-commerce merchants, recently rebranded to lean into an AI-agentic-commerce strategy while the core payment-processing business is unchanged"
NSEI:ZAGGLE,Zaggle Prepaid Ocean Services,Business Applications,Commerce & Payments Software,Financial Services,Finance & Payments,LOB,ENT_SALES,TAKE_RATE,PLATFORM_SUITE,AI_NEUTRAL,,1,Corporate Prepaid Cards|Expense Management SaaS|Employee Rewards|Interchange Revenue|India Fintech|B2B2C Cards,"provides Indian businesses with expense-management software bundled with co-branded prepaid corporate cards, monetizing through card interchange and SaaS fees"
CASE:FWRY,Fawry for Banking Technology,Merchant Acquiring & PSP,Lending & Credit,Financial Services,Finance & Payments,CONSUMER,CHANNEL,TRANSACTION_FEE,INFRA_LAYER,AI_NEUTRAL,,1,Egypt Bill Payment Network|Agent Kiosk Distribution|E-Wallet|Microfinance Expansion|Merchant Payment Gateway|Emerging Markets Fintech,"runs the largest bill-payment and e-payment network in Egypt through agent kiosks, an e-wallet, and a merchant payment gateway, increasingly layering on microfinance lending"
