# LISTED FULL REFRESH, 1-Sep-2026. Transcribed by Opus from Daniil's screenshots in the session they
# arrived. The source workbook is in another sandbox and cannot be exported, so this is the only
# transfer route available. Daniil recalculated fiscal-year figures and calendarised them by hand,
# and added the broker estimate count for FY+1 revenue.
# na = n.a. in the sheet. nm = n.m. HIDDEN = the cell was truncated by column width and unreadable.
# BROKEN = the sheet itself shows #DIV/0! or #N/A.
#
# TWO CORRECTIONS FROM DANIIL, 1-Sep, applied here.
# 1. TSE:9418 U-NEXT gross profit is 955, not the 355 I first read. It now ties: 2155/955 = 2.3x,
#    which is the multiple the sheet shows. This was the single discrepancy the check could not
#    explain by rounding, and it is closed.
# 2. NASDAQ:MELI and NASDAQGS:MELI are NOT a duplicate to be collapsed. Same enterprise value,
#    two different volume denominators: GMV of 65,037 on the commerce row and TPV of 277,823 on
#    the payments row. MercadoLibre is therefore two comparables, and AV/TPV is to be calculated
#    separately from AV/GMV. Recorded on the tracker as an open build item.
#    The other six repeated tickers ARE true duplicates and collapse on the normalised symbol:
#    GigaCloud, Freightos, Kanzhun, LegalZoom, Copart, Xometry.
ticker,company_name,year_end,calendarization,currency,fx_usd_per_lcy,balance_sheet_driven,market_cap_musd,price_per_share,eqv_av_bridge_musd,av_musd,n_estimates,gmv_cy0,gmv_cy1,gmv_cy2,gmv_ntm,revenue_ntm_musd,gross_profit_musd,net_income_musd,bvps,av_gmv_pct,av_ntm_revenue_x,av_ntm_gp_x,pe_x,pbv_x,growth_cy1_pct,growth_cy2_pct,growth_cy3_pct,cagr_cy1_cy3_pct,ni_growth_cy2_pct
ENXTPA:74SW,74Software,31-Dec-25,0.00,EUR,1.16,0,1335,46,269,1604,7,na,na,na,na,878,604,93,na,na,1.8,2.7,14.3,na,4.6,3.6,3.9,3.8,13.8
NYSE:ATEN,A10 Networks Inc.,31-Dec-25,0.00,USD,1.00,0,1812,25,-131,1680,6,na,na,na,na,355,285,85,na,na,4.7,5.9,21.2,na,13.3,11.6,11.4,11.5,14.2
NASDAQGS:ACIW,ACI Worldwide Inc.,31-Dec-25,0.00,USD,1.00,0,5172,51,696,5868,4,na,na,na,na,2002,981,386,na,na,2.9,6.0,13.4,na,8.3,7.6,7.6,7.6,3.2
OM:ANOD B,Addnode Group AB,31-Dec-25,0.00,SEK,0.10,0,654,5,253,907,6,na,na,na,na,645,500,53,na,na,1.4,1.8,12.4,na,4.0,4.1,4.5,4.3,22.8
NASDAQGS:ADBE,Adobe Inc.,28-Nov-25,-0.09,USD,1.00,0,113717,286,1451,115168,36,na,na,na,na,28369,25403,10288,na,na,4.1,4.5,11.1,na,11.4,9.0,8.8,8.9,8.2
NASDAQGS:AGYS,Agilysys Inc.,31-Mar-26,0.25,USD,1.00,0,3165,112,-105,3060,9,na,na,na,na,398,261,79,na,na,7.7,11.7,40.1,na,16.1,16.7,18.0,17.4,39.2
NASDAQGS:API,Agora Inc.,31-Dec-25,0.00,USD,1.00,0,337,4,-242,95,2,na,na,na,na,178,36,25,na,na,0.5,2.6,13.7,na,14.1,16.1,16.1,16.1,63.8
NASDAQGS:AKAM,Akamai Technologies Inc.,31-Dec-25,0.00,USD,1.00,0,15300,106,4723,20023,23,na,na,na,na,4880,2656,1065,na,na,4.1,7.5,14.4,na,6.7,13.0,11.1,12.0,9.1
NASDAQGS:ALRM,Alarm.com Holdings Inc.,31-Dec-25,0.00,USD,1.00,0,2730,56,-78,2652,6,na,na,na,na,1117,746,165,na,na,2.4,3.6,16.6,na,7.1,4.7,5.0,4.9,7.8
LSE:ALFA,Alfa Financial Software,31-Dec-25,0.00,GBP,1.35,0,671,2,-23,648,7,na,na,na,na,191,122,39,na,na,3.4,5.3,17.0,na,6.2,7.7,7.1,7.4,5.1
NASDAQGS:ALKT,Alkami Technology Inc.,31-Dec-25,0.00,USD,1.00,0,2069,19,277,2346,8,na,na,na,na,589,384,109,na,na,4.0,6.1,18.9,na,19.4,16.6,14.5,15.6,48.0
NASDAQGS:DOX,Amdocs Limited,30-Sep-25,-0.25,USD,1.00,0,6536,63,922,7458,5,na,na,na,na,4843,1883,829,na,na,1.5,4.0,7.9,na,3.5,3.4,3.8,3.6,5.0
NASDAQCM:AMPL,Amplitude Inc.,31-Dec-25,0.00,USD,1.00,0,1728,14,-152,1576,12,na,na,na,na,454,329,20,na,na,3.5,4.8,87.0,na,19.5,15.9,19.6,17.7,151.2
NASDAQGM:APPF,AppFolio Inc.,31-Dec-25,0.00,USD,1.00,0,7979,225,-186,7793,10,na,na,na,na,1255,804,286,na,na,6.2,9.7,27.9,na,18.2,17.4,17.3,17.4,22.9
NASDAQGM:APPN,Appian Corporation,31-Dec-25,0.00,USD,1.00,0,2893,40,127,3020,7,na,na,na,na,911,678,96,na,na,3.3,4.5,30.3,na,16.9,10.8,7.4,9.1,31.6
NASDAQGM:AIP,Arteris Inc.,31-Dec-25,0.00,USD,1.00,0,1019,21,-113,906,6,na,na,na,na,110,99,2,na,na,8.2,9.2,423.1,na,37.0,21.1,27.8,24.4,nm
NYSE:ASAN,Asana Inc.,31-Jan-26,0.08,USD,1.00,0,2266,10,-176,2090,16,na,na,na,na,901,797,97,na,na,2.3,2.6,23.3,na,8.9,8.0,8.3,8.2,69.5
XTRA:AOF,ATOSS Software SE,31-Dec-25,0.00,EUR,1.16,0,1826,115,-131,1695,9,na,na,na,na,271,212,67,na,na,6.3,8.0,27.4,na,13.0,13.7,13.3,13.5,15.1
NASDAQGS:ADSK,Autodesk Inc.,31-Jan-26,0.08,USD,1.00,0,51769,248,-652,51117,33,na,na,na,na,8845,8189,2813,na,na,5.8,6.2,18.4,na,15.7,11.1,10.9,11.0,16.8
NASDAQGS:AVPT,AvePoint Inc.,31-Dec-25,0.00,USD,1.00,0,2856,14,-391,2466,13,na,na,na,na,581,433,107,na,na,4.2,5.7,26.7,na,21.7,20.5,21.3,20.9,8.9
NASDAQGM:BLZE,Backblaze Inc.,31-Dec-25,0.00,USD,1.00,0,838,14,33,870,7,na,na,na,na,203,160,18,na,na,4.3,5.4,46.0,na,18.6,25.6,21.8,23.7,11.2
NASDAQGS:BSY,Bentley Systems Incorporated,31-Dec-25,0.00,USD,1.00,0,11051,36,1118,12169,17,na,na,na,na,1815,1499,478,na,na,6.7,8.1,23.1,na,12.9,10.5,10.5,10.5,12.8
NYSE:BILL,BILL Holdings Inc.,30-Jun-26,0.50,USD,1.00,0,4061,48,-40,4021,18,371300,415170,451666,439567,1844,1545,346,na,0.9,2.2,2.6,11.7,na,11.8,8.8,9.5,9.1,123.1
NASDAQGS:BLKB,Blackbaud Inc.,31-Dec-25,0.00,USD,1.00,0,2137,48,1123,3259,4,na,na,na,na,1214,763,252,na,na,2.7,4.3,8.5,na,4.3,4.6,4.6,4.6,9.5
TSX:BB,BlackBerry Limited,28-Feb-26,0.16,USD,1.00,0,4587,8,-130,4458,8,na,na,na,na,647,504,121,na,na,6.9,8.8,37.8,na,10.5,10.6,11.8,11.2,26.5
NASDAQGS:BL,BlackLine Inc.,31-Dec-25,0.00,USD,1.00,0,1872,32,187,2059,11,na,na,na,na,820,664,197,na,na,2.5,3.1,9.5,na,9.5,10.5,10.2,10.4,13.2
NYSE:BLND,Blend Labs Inc.,31-Dec-25,0.00,USD,1.00,0,367,2,-52,315,6,na,na,na,na,136,106,24,na,na,2.3,3.0,15.0,na,3.7,9.1,12.0,10.5,29.5
NYSE:BOX,Box Inc.,31-Jan-26,0.08,USD,1.00,0,4824,35,111,4935,11,na,na,na,na,1357,1093,251,na,na,3.6,4.5,19.2,na,9.5,8.9,9.1,9.0,17.3
NASDAQGS:BRZE,Braze Inc.,31-Jan-26,0.08,USD,1.00,0,3692,33,-305,3387,21,na,na,na,na,986,666,93,na,na,3.4,5.1,39.8,na,21.9,17.0,14.1,15.5,101.1
NYSE:AI,C3.ai Inc.,30-Apr-26,0.33,USD,1.00,0,1607,10,-517,1091,15,na,na,na,na,237,120,-138,na,na,4.6,9.1,nm,na,-21.4,2.7,9.5,6.1,nm
NASDAQGS:CDNS,Cadence Design Systems Inc.,31-Dec-25,0.00,USD,1.00,0,86209,313,1073,87282,24,na,na,na,na,6886,6040,2515,na,na,12.7,14.5,34.3,na,19.3,13.4,13.0,13.2,17.8
NASDAQGS:CCC,CCC Intelligent Solutions,31-Dec-25,0.00,USD,1.00,0,4264,7,1253,5518,11,na,na,na,na,1230,948,294,na,na,4.5,5.8,14.5,na,9.9,8.9,8.1,8.5,14.6
NASDAQGS:CRNC,Cerence Inc.,30-Sep-25,-0.25,USD,1.00,0,381,8,59,440,5,na,na,na,na,296,234,42,na,na,1.5,1.9,9.0,na,14.9,-5.0,3.4,-0.9,19.2
AIM:CER,Cerillion Plc,30-Sep-25,-0.25,GBP,1.35,0,388,13,-38,350,7,na,na,na,na,78,61,26,na,na,4.5,5.7,14.9,na,14.9,9.9,8.4,9.1,11.3
NYSE:NET,Cloudflare Inc.,31-Dec-25,0.00,USD,1.00,0,101664,286,-633,101031,31,na,na,na,na,3421,2508,589,na,na,29.5,40.3,172.6,na,32.5,28.6,28.1,28.4,34.4
NASDAQGS:CVLT,Commvault Systems Inc.,31-Mar-26,0.25,USD,1.00,0,5355,129,-12,5342,17,na,na,na,na,1370,1116,231,na,na,3.9,4.8,23.1,na,12.2,11.1,11.5,11.3,33.4
NASDAQGS:CCSI,Consensus Cloud Solutions,31-Dec-25,0.00,USD,1.00,0,662,36,467,1129,3,na,na,na,na,369,296,116,na,na,3.1,3.8,5.7,na,3.0,3.7,6.9,5.3,3.7
TSX:CSU,Constellation Software Inc.,31-Dec-25,0.00,USD,1.00,0,46497,2194,3053,49550,11,na,na,na,na,15364,10454,2759,na,na,3.2,4.7,16.9,na,18.9,16.7,13.6,15.2,15.4
TSX:CVO,Coveo Solutions Inc.,31-Mar-26,0.25,USD,1.00,0,279,3,-93,187,7,na,na,na,na,172,134,4,na,na,1.1,1.4,71.1,na,9.7,12.2,10.7,11.5,nm
NASDAQGS:CRWD,CrowdStrike Holdings Inc.,31-Jan-26,0.08,USD,1.00,0,220218,215,-4156,216062,49,na,na,na,na,6781,5337,1497,na,na,31.9,40.5,147.1,na,24.5,22.2,21.9,22.1,39.2
NASDAQGS:DDOG,Datadog Inc.,31-Dec-25,0.00,USD,1.00,0,80375,224,-3708,76668,45,na,na,na,na,5139,4124,1092,na,na,14.9,18.6,73.6,na,30.5,22.3,23.5,22.9,22.6
NYSE:DOCN,DigitalOcean Holdings Inc.,31-Dec-25,0.00,USD,1.00,0,12807,109,1211,14018,18,na,na,na,na,1602,817,216,na,na,8.7,17.2,59.4,na,30.8,53.7,48.4,51.1,32.2
TSX:DCBO,Docebo Inc.,31-Dec-25,0.00,USD,1.00,0,631,25,48,679,9,na,na,na,na,294,236,51,na,na,2.3,2.9,12.3,na,13.5,10.1,11.9,11.0,6.9
NASDAQGS:DOCU,DocuSign Inc.,31-Jan-26,0.08,USD,1.00,0,12343,65,-631,11712,19,na,na,na,na,3651,2982,910,na,na,3.2,3.9,13.6,na,8.5,7.7,6.8,7.2,14.9
NASDAQGS:DBX,Dropbox Inc.,31-Dec-25,0.00,USD,1.00,0,7450,34,2862,10311,9,na,na,na,na,2514,2042,707,na,na,4.1,5.0,10.5,na,-0.1,-0.3,-0.1,-0.2,-0.5
NYSE:DT,Dynatrace Inc.,31-Mar-26,0.25,USD,1.00,0,15277,53,-997,14280,33,na,na,na,na,2466,2055,605,na,na,5.8,6.9,25.2,na,15.8,14.8,14.2,14.5,39.3
NYSE:ESTC,Elastic N.V.,30-Apr-26,0.33,USD,1.00,0,9700,92,-865,8835,31,na,na,na,na,2107,1636,399,na,na,4.2,5.4,24.3,na,15.9,14.8,14.6,14.7,13.4
TSX:ENGH,Enghouse Systems Limited,31-Oct-25,-0.17,CAD,0.72,0,649,12,-192,457,4,na,na,na,na,348,217,54,na,na,1.3,2.1,12.1,na,-4.4,3.5,9.3,6.3,1.5
NASDAQGS:EVCM,EverCommerce Inc.,31-Dec-25,0.00,USD,1.00,0,1426,8,400,1826,8,na,na,na,na,633,492,125,na,na,2.9,3.7,11.4,na,4.2,4.9,4.5,4.7,6.2
HLSE:FSECURE,F-Secure Oyj,31-Dec-25,0.00,EUR,1.16,0,399,2,163,562,4,na,na,na,na,187,155,29,na,na,3.0,3.6,13.6,na,7.0,4.9,4.0,4.5,28.2
NYSE:FICO,Fair Isaac Corporation,30-Sep-25,-0.25,USD,1.00,0,23837,1104,5350,29186,22,na,na,na,na,2869,2484,1148,na,na,10.2,11.7,20.8,na,23.6,13.5,12.3,12.9,16.5
NASDAQGS:FSLY,Fastly Inc.,31-Dec-25,0.00,USD,1.00,0,3309,21,61,3369,12,na,na,na,na,800,522,105,na,na,4.2,6.5,31.6,na,18.7,12.0,11.2,11.6,17.3
NYSE:FIG,Figma Inc.,31-Dec-25,0.00,USD,1.00,0,14498,27,-1599,12898,13,na,na,na,na,1703,1390,183,na,na,7.6,9.3,79.0,na,39.2,23.8,23.7,23.8,27.7
ASX:FCL,FINEOS Corporation Holdings,31-Dec-25,0.00,EUR,1.16,0,533,2,-41,492,6,na,na,na,na,181,137,10,na,na,2.7,3.6,54.2,na,7.7,7.5,7.4,7.5,69.9
NASDAQGM:FIVN,Five9 Inc.,31-Dec-25,0.00,USD,1.00,0,2543,34,189,2732,21,na,na,na,na,1351,861,281,na,na,2.0,3.2,9.0,na,10.3,9.8,9.7,9.8,19.7
NASDAQGS:FTNT,Fortinet Inc.,31-Dec-25,0.00,USD,1.00,0,118752,162,-3508,115243,41,na,na,na,na,8724,7005,2736,na,na,13.2,16.5,43.4,na,19.4,11.1,11.4,11.3,10.1
NASDAQGS:FRSH,Freshworks Inc.,31-Dec-25,0.00,USD,1.00,0,3512,13,-630,2882,17,na,na,na,na,1057,908,210,na,na,2.7,3.2,16.7,na,15.0,14.2,15.6,14.9,22.9
LSE:GBG,GB Group plc,31-Mar-26,0.25,GBP,1.35,0,495,2,109,604,10,na,na,na,na,404,283,50,na,na,1.5,2.1,9.9,na,2.1,4.2,6.2,5.2,264.0
NASDAQGS:GEN,Gen Digital Inc.,03-Apr-26,0.26,USD,1.00,0,17970,30,7643,25613,10,na,na,na,na,5567,4568,1789,na,na,4.6,5.6,10.0,na,12.4,7.1,5.4,6.3,22.9
NASDAQGS:GTLB,GitLab Inc.,31-Jan-26,0.08,USD,1.00,0,7616,45,-1311,6304,27,na,na,na,na,1219,1050,151,na,na,5.2,6.0,50.5,na,17.5,15.7,15.5,15.6,39.7
NYSE:GDDY,GoDaddy Inc.,31-Dec-25,0.00,USD,1.00,0,12734,101,2639,15373,17,na,na,na,na,5422,3458,1314,na,na,2.8,4.4,9.7,na,5.8,5.3,5.0,5.1,6.6
NYSE:GWRE,Guidewire Software Inc.,31-Jul-25,-0.42,USD,1.00,0,16742,201,-45,16697,17,na,na,na,na,1730,1161,364,na,na,9.7,14.4,46.0,na,19.2,15.8,15.1,15.5,21.5
NYSE:HUBS,HubSpot Inc.,31-Dec-25,0.00,USD,1.00,0,12522,251,-1115,11407,28,na,na,na,na,4035,3402,763,na,na,2.8,3.4,16.4,na,17.7,14.2,13.8,14.0,21.7
NASDAQGS:IIIV,i3 Verticals Inc.,30-Sep-25,-0.25,USD,1.00,0,288,16,236,524,4,na,na,na,na,228,158,34,na,na,2.3,3.3,8.5,na,2.9,5.5,6.9,6.2,4.7
XTRA:1INN,innoscripta SE,31-Dec-25,0.00,EUR,1.16,0,927,93,-21,906,2,na,na,na,na,207,198,79,na,na,4.4,4.6,11.8,na,42.0,32.6,22.3,27.3,32.1
NASDAQGS:INTA,Intapp Inc.,30-Jun-26,0.50,USD,1.00,0,3230,42,-140,3090,9,na,na,na,na,679,537,111,na,na,4.6,5.8,29.0,na,14.3,14.7,16.1,15.4,232.0
NASDAQGS:INTU,Intuit Inc.,31-Jul-26,0.58,USD,1.00,0,94351,345,1136,95487,32,225000,251466,274883,267120,23651,19239,6479,na,35.7,4.0,5.0,14.6,na,11.8,9.3,9.9,9.6,28.3
XTRA:IOS,IONOS Group SE,31-Dec-25,0.00,EUR,1.16,0,5370,40,962,6332,13,na,na,na,na,1735,1141,340,na,na,3.6,5.5,15.8,na,7.1,9.1,8.8,9.0,17.0
XTRA:IVU,IVU Traffic Technologies AG,31-Dec-25,0.00,EUR,1.16,0,507,29,-66,440,2,na,na,na,na,198,160,20,na,na,2.2,2.8,25.8,na,6.7,8.9,9.0,9.0,15.7
NASDAQGS:FROG,JFrog Ltd.,31-Dec-25,0.00,USD,1.00,0,11317,92,-810,10507,23,na,na,na,na,729,601,145,na,na,14.4,17.5,77.9,na,22.4,17.9,19.2,18.6,22.3
TSX:KXS,Kinaxis Inc.,31-Dec-25,0.00,USD,1.00,0,3403,125,-266,3137,9,na,na,na,na,692,465,138,na,na,4.5,6.8,24.7,na,16.6,12.6,14.2,13.4,13.2
NYSE:KVYO,Klaviyo Inc.,31-Dec-25,0.00,USD,1.00,0,5877,21,-719,5158,21,na,na,na,na,1731,1256,283,na,na,3.0,4.1,20.8,na,24.1,19.6,19.4,19.5,25.2
ENXTPA:LSS,Lectra SA,31-Dec-25,0.00,EUR,1.16,0,954,26,103,1057,5,na,na,na,na,597,443,43,na,na,1.8,2.4,22.2,na,-2.2,5.9,6.2,6.1,27.7
ASX:360,Life360 Inc.,31-Dec-25,0.00,USD,1.00,0,3528,14,-153,3374,13,na,na,na,na,773,606,156,na,na,4.4,5.6,22.5,na,37.5,22.2,17.6,19.9,30.4
TSX:LSPD,Lightspeed Commerce Inc.,31-Mar-26,0.25,USD,1.00,0,1315,10,-352,963,11,98100,103432,113911,110437,1339,610,86,na,0.9,0.7,1.6,15.4,na,5.4,10.1,11.5,10.8,299.2
NYSE:RAMP,LiveRamp Holdings Inc.,31-Mar-26,0.25,USD,1.00,0,2299,38,-338,1961,5,na,na,na,na,926,677,191,na,na,2.1,2.9,12.1,na,9.5,9.3,6.2,7.7,15.8
TSXV:LMN,Lumine Group Inc.,31-Dec-25,0.00,USD,1.00,0,4432,18,78,4510,0,na,na,na,na,1195,0,278,na,na,3.8,na,15.9,na,35.7,22.5,22.5,22.5,38.9
NASDAQGS:MANH,Manhattan Associates Inc.,31-Dec-25,0.00,USD,1.00,0,12606,216,-132,12474,12,na,na,na,na,1232,746,347,na,na,10.1,16.7,36.3,na,7.7,8.6,8.8,8.7,10.0
XTRA:MUM,Mensch und Maschine Software SE,31-Dec-25,0.00,EUR,1.16,0,688,42,54,742,5,na,na,na,na,316,239,45,na,na,2.3,3.1,15.2,na,8.2,8.2,8.4,8.3,14.4
NASDAQGS:MSFT,Microsoft Corporation,30-Jun-26,0.50,USD,1.00,0,3720347,501,44470,3764817,51,na,na,na,na,406747,269022,154320,na,na,9.3,14.0,24.1,na,17.8,18.7,20.5,19.6,14.8
NASDAQCM:MITK,Mitek Systems Inc.,30-Sep-25,-0.25,USD,1.00,0,805,18,-44,761,5,na,na,na,na,213,175,59,na,na,3.6,4.4,13.6,na,9.5,8.2,8.2,8.2,5.3
NASDAQGM:MDB,MongoDB Inc.,31-Jan-26,0.08,USD,1.00,0,34924,434,-2369,32556,43,na,na,na,na,3264,2435,590,na,na,10.0,13.4,59.2,na,20.0,18.2,19.0,18.6,34.6
NYSE:NABL,N-able Inc.,31-Dec-25,0.00,USD,1.00,0,722,4,321,1042,6,na,na,na,na,563,452,80,na,na,1.9,2.3,9.0,na,5.7,6.2,6.2,6.2,12.9
NASDAQGS:NCNO,nCino Inc.,31-Jan-26,0.08,USD,1.00,0,2358,22,271,2629,14,na,na,na,na,678,468,152,na,na,3.9,5.6,15.6,na,8.7,8.5,8.7,8.6,29.5
NYSE:VYX,NCR Voyix Corporation,31-Dec-25,0.00,USD,1.00,0,1207,9,1075,2282,4,na,na,na,na,2180,683,150,na,na,1.0,3.3,8.0,na,-18.2,-1.3,1.4,0.1,13.3
XTRA:NEM,Nemetschek SE,31-Dec-25,0.00,EUR,1.16,0,9091,79,183,9274,16,na,na,na,na,1875,1752,361,na,na,4.9,5.3,25.2,na,19.3,20.7,13.7,17.2,27.3
NASDAQGS:NTSK,Netskope Inc.,31-Jan-26,0.08,USD,1.00,0,5675,14,-357,5319,18,na,na,na,na,993,774,-45,na,na,5.4,6.9,nm,na,24.8,21.7,20.2,21.0,nm
NASDAQGS:NTNX,Nutanix Inc.,31-Jul-26,0.58,USD,1.00,0,18028,67,-843,17185,18,na,na,na,na,3269,2870,874,na,na,5.3,6.0,20.6,na,12.6,13.1,14.1,13.6,-37.2
NASDAQGS:OKTA,Okta Inc.,31-Jan-26,0.08,USD,1.00,0,29095,166,-2246,26849,44,na,na,na,na,3413,2801,764,na,na,7.9,9.6,38.1,na,10.6,10.0,10.4,10.2,17.9
NASDAQCM:OSPN,OneSpan Inc.,31-Dec-25,0.00,USD,1.00,0,585,16,-31,554,5,na,na,na,na,254,187,49,na,na,2.2,3.0,11.9,na,2.9,2.4,2.8,2.6,5.3
NYSE:OOMA,Ooma Inc.,31-Jan-26,0.08,USD,1.00,0,601,22,39,640,7,na,na,na,na,341,217,42,na,na,1.9,2.9,14.4,na,20.5,6.0,7.1,6.6,19.8
NASDAQGS:OTEX,Open Text Corporation,30-Jun-26,0.50,USD,1.00,0,5659,24,4902,10561,11,na,na,na,na,5204,3989,928,na,na,2.0,2.6,6.1,na,-0.1,0.0,1.7,0.8,23.9
NASDAQGS:OPRA,Opera Limited,31-Dec-25,0.00,USD,1.00,0,1669,19,-143,1526,7,na,na,na,na,816,497,146,na,na,1.9,3.1,11.4,na,20.4,15.3,14.1,14.7,21.2
NYSE:ORCL,Oracle Corporation,31-May-26,0.42,USD,1.00,0,407068,141,136086,543154,39,na,na,na,na,102420,59166,26548,na,na,5.3,9.2,15.3,na,26.9,41.5,41.7,41.6,38.1
NYSE:PD,PagerDuty Inc.,31-Jan-26,0.08,USD,1.00,0,1093,14,-42,1051,9,na,na,na,na,500,426,115,na,na,2.1,2.5,9.5,na,0.7,1.9,-0.5,0.7,2.0
NASDAQGS:PLTR,Palantir Technologies Inc.,31-Dec-25,0.00,USD,1.00,0,432358,180,-9087,423271,27,na,na,na,na,10854,9356,5368,na,na,39.0,45.2,80.6,na,83.0,48.7,45.2,47.0,45.6
NASDAQGS:PANW,Palo Alto Networks Inc.,31-Jul-26,0.58,USD,1.00,0,295103,362,-981,294122,53,na,na,na,na,16181,12349,4240,na,na,18.2,23.8,69.6,na,31.5,15.5,15.1,15.3,20.2
NYSE:PAR,PAR Technology Corporation,31-Dec-25,0.00,USD,1.00,0,769,19,354,1122,8,na,na,na,na,555,255,43,na,na,2.0,4.4,17.8,na,14.2,9.9,10.1,10.0,47.9
NASDAQGS:PEGA,Pegasystems Inc.,31-Dec-25,0.00,USD,1.00,0,6030,37,-290,5740,11,na,na,na,na,1998,1551,437,na,na,2.9,3.7,13.8,na,7.3,9.9,8.7,9.3,4.2
OB:PEXIP,Pexip Holding ASA,31-Dec-25,0.00,USD,1.00,0,839,8,-41,798,4,na,na,na,na,157,143,39,na,na,5.1,5.6,21.8,na,18.1,13.3,12.5,12.9,20.0
LSE:PINE,Pinewood Technologies Group PLC,31-Dec-25,0.00,GBP,1.35,0,701,6,-44,658,2,na,na,na,na,107,93,21,na,na,6.1,7.1,33.7,na,39.8,60.2,44.5,52.2,89.1
ENXTPA:PLNW,Planisware SAS,31-Dec-25,0.00,EUR,1.16,0,1995,29,-213,1782,9,na,na,na,na,280,208,76,na,na,6.4,8.6,26.3,na,12.3,13.1,12.9,13.0,13.7
NYSE:PCOR,Procore Technologies Inc.,31-Dec-25,0.00,USD,1.00,0,9172,60,-588,8584,23,na,na,na,na,1647,1380,342,na,na,5.2,6.2,26.8,na,14.5,13.2,13.8,13.5,44.0
NASDAQGS:PRGS,Progress Software Corporation,30-Nov-25,-0.08,USD,1.00,0,1855,45,1224,3078,5,na,na,na,na,1003,812,262,na,na,3.1,3.8,7.1,na,1.8,1.0,1.2,1.1,1.4
XTRA:PSAN,PSI Software SE,31-Dec-25,0.00,EUR,1.16,0,814,52,75,888,4,na,na,na,na,385,341,27,na,na,2.3,2.6,29.7,na,8.8,10.5,9.9,10.2,312.8
NASDAQGS:PTC,PTC Inc.,30-Sep-25,-0.25,USD,1.00,0,16581,153,1256,17837,21,na,na,na,na,2894,2454,1002,na,na,6.2,7.3,16.5,na,1.2,6.8,8.1,7.5,5.8
NYSE:QTWO,Q2 Holdings Inc.,31-Dec-25,0.00,USD,1.00,0,3985,64,-65,3920,12,4000000,4453161,4904616,4754956,945,593,212,na,0.1,4.1,6.6,18.8,na,11.3,10.1,10.7,10.4,16.1
HLSE:QTCOM,Qt Group Oyj,31-Dec-25,0.00,EUR,1.16,0,1040,41,96,1136,5,na,na,na,na,293,283,41,na,na,3.9,4.0,25.6,na,11.4,7.3,8.2,7.7,56.2
ATSE:QLCO,Qualco Group S.A.,31-Dec-25,0.00,EUR,1.16,0,472,7,38,510,3,na,na,na,na,310,140,11,na,na,1.6,3.6,44.1,na,15.0,11.5,12.5,12.0,81.7
NASDAQGS:QLYS,Qualys Inc.,31-Dec-25,0.00,USD,1.00,0,6124,177,-650,5474,19,na,na,na,na,774,654,286,na,na,7.1,8.4,21.4,na,9.9,8.0,7.7,7.8,6.3
NASDAQGM:RPD,Rapid7 Inc.,31-Dec-25,0.00,USD,1.00,0,809,12,259,1069,22,na,na,na,na,833,599,147,na,na,1.3,1.8,5.5,na,-2.4,-1.1,1.2,0.0,5.3
NASDAQCM:RDVT,Red Violet Inc.,31-Dec-25,0.00,USD,1.00,0,1213,76,-47,1165,2,na,na,na,na,116,95,28,na,na,10.0,12.2,43.3,na,18.0,13.3,13.3,13.3,14.5
NASDAQGM:RZLV,Rezolve AI PLC,31-Dec-25,0.00,USD,1.00,0,953,2,41,994,6,na,na,na,na,482,324,-43,na,na,2.1,3.1,nm,na,664.3,52.0,52.0,52.0,nm
NASDAQGM:RMNI,Rimini Street Inc.,31-Dec-25,0.00,USD,1.00,0,485,5,-57,428,3,na,na,na,na,459,280,42,na,na,0.9,1.5,11.6,na,4.9,5.6,5.6,5.6,35.1
NYSE:RNG,RingCentral Inc.,31-Dec-25,0.00,USD,1.00,0,5910,71,1053,6963,15,na,na,na,na,2722,2117,465,na,na,2.6,3.3,12.7,na,5.0,4.5,4.6,4.5,8.8
NYSE:RSKD,Riskified Ltd.,31-Dec-25,0.00,USD,1.00,0,817,6,-200,617,6,155102,182921,202881,196264,436,220,48,na,0.3,1.4,2.8,17.2,na,17.9,10.9,9.9,10.4,51.2
NASDAQGS:ROP,Roper Technologies Inc.,31-Dec-25,0.00,USD,1.00,0,41371,418,10955,52326,19,na,na,na,na,8915,6229,2373,na,na,5.9,8.4,17.4,na,8.4,6.1,6.4,6.3,8.3
NYSE:RBRK,Rubrik Inc.,31-Jan-26,0.08,USD,1.00,0,18326,88,-598,17728,29,na,na,na,na,1901,1538,143,na,na,9.3,11.5,128.4,na,29.6,21.8,20.8,21.3,133.5
NASDAQGS:SAIL,SailPoint Inc.,,,,,,10907,19,-372,10535,24,na,na,na,na,1409,1100,206,na,na,7.5,9.6,52.9,na,19.0,18.5,17.6,18.1,58.0
NYSE:CRM,"Salesforce, Inc.",,,,,,212425,258,30973,243398,45,na,na,na,na,48897,39324,13191,na,na,5.0,6.2,16.1,na,11.2,9.9,9.4,9.7,1.3
NYSE:IOT,Samsara Inc.,,,,,,22761,39,-1212,21548,22,na,na,na,na,2251,1743,487,na,na,9.6,12.4,46.8,na,24.8,20.4,18.0,19.2,38.5
XTRA:SAP,SAP SE,,,,,,246549,214,-1349,245199,30,na,na,na,na,50335,37016,10581,na,na,4.9,6.6,23.3,na,9.4,11.8,12.0,11.9,15.3
NYSE:S,"SentinelOne, Inc.",,,,,,7180,21,-655,6525,37,na,na,na,na,1330,1029,137,na,na,4.9,6.3,52.5,na,20.4,18.0,17.1,17.5,150.4
NYSE:NOW,"ServiceNow, Inc.",,,,,,147739,143,1746,149485,46,na,na,na,na,18254,14427,4892,na,na,8.2,10.4,30.2,na,22.2,18.8,18.8,18.8,23.7
NASDAQGS:TTAN,"ServiceTitan, Inc.",,,,,,9106,95,-370,8735,17,82100,97577,112106,107289,1235,926,143,na,8.1,7.1,9.4,63.6,na,18.9,14.9,16.8,15.8,53.2
WSE:SHO,Shoper S.A.,,,,,,312,11,-7,305,2,5597,6369,7402,7059,74,18,20,na,4.3,4.1,17.3,15.4,na,13.8,16.2,16.6,16.4,39.3
NASDAQGS:SHOP,Shopify Inc.,,,,,,179899,140,-5853,174046,47,378400,498801,626362,584075,17837,8394,2919,na,29.8,9.8,20.7,61.6,na,31.8,25.6,25.7,25.7,28.8
ENXTPA:ALBFR,Sidetrade SA,,,,,,321,228,17,339,3,na,na,na,na,90,73,12,na,na,3.7,4.7,26.2,na,16.6,12.8,13.6,13.2,25.5
OM:SINCH,Sinch AB (publ),,,,,,3371,5,764,4135,8,na,na,na,na,2961,1032,266,na,na,1.4,4.0,12.7,na,1.6,4.9,5.3,5.1,11.4
NYSE:SNOW,Snowflake Inc.,,,,,,110844,320,-1627,109216,49,na,na,na,na,7023,5046,868,na,na,15.6,21.6,127.8,na,30.2,25.9,25.6,25.8,80.3
NASDAQGM:SOUN,"SoundHound AI, Inc.",,,,,,3042,7,-197,2845,7,na,na,na,na,264,148,-72,na,na,10.8,19.2,nm,na,40.4,16.8,-5.8,4.9,nm
NYSE:CXM,"Sprinklr, Inc.",,,,,,1780,8,-399,1381,9,na,na,na,na,888,600,127,na,na,1.6,2.3,14.0,na,1.7,3.7,6.8,5.3,22.8
NASDAQCM:SPT,"Sprout Social, Inc.",,,,,,695,11,-74,621,10,na,na,na,na,514,406,88,na,na,1.2,1.5,7.9,na,8.1,6.0,10.5,8.2,42.8
NASDAQGS:SPSC,"SPS Commerce, Inc.",,,,,,2985,83,-167,2819,13,na,na,na,na,824,590,191,na,na,3.4,4.8,15.7,na,5.2,6.3,7.2,6.7,8.4
NASDAQGS:SNPS,"Synopsys, Inc.",,,,,,79495,415,7233,86728,22,na,na,na,na,10627,8955,3344,na,na,8.2,9.7,23.8,na,32.0,11.0,10.9,10.9,17.4
XTRA:TMV,TeamViewer SE,,,,,,1290,8,938,2228,16,na,na,na,na,902,795,199,na,na,2.5,2.8,6.5,na,2.0,3.3,4.1,3.7,7.0
TSX:TCS,Tecsys Inc.,,,,,,304,21,-19,285,5,na,na,na,na,149,73,3,na,na,1.9,3.9,119.1,na,5.6,6.5,7.8,7.2,-9.4
SWX:TEMN,Temenos AG,,,,,,6095,89,691,6786,16,na,na,na,na,1225,981,338,na,na,5.5,6.9,18.0,na,7.0,7.4,6.5,7.0,8.9
NASDAQGS:TENB,"Tenable Holdings, Inc.",,,,,,3907,35,123,4030,21,na,na,na,na,1130,927,250,na,na,3.6,4.3,15.7,na,7.9,7.2,6.4,6.8,11.2
NYSE:TDC,Teradata Corporation,,,,,,2664,29,-315,2349,13,na,na,na,na,1662,1027,273,na,na,1.4,2.3,9.8,na,-1.0,1.3,2.1,1.7,6.8
WSE:TXT,Text S.A.,,,,,,289,11,-24,265,5,na,na,na,na,95,32,34,na,na,2.8,8.3,8.6,na,3.0,3.9,2.4,3.2,2.1
LSE:SGE,The Sage Group plc,,,,,,13004,14,1986,14990,20,na,na,na,na,4056,3763,716,na,na,3.7,4.0,18.2,na,9.7,9.1,8.0,8.5,12.6
ENXTAM:TOM2,TomTom N.V.,,,,,,586,5,-219,366,3,na,na,na,na,628,556,38,na,na,0.6,0.7,15.4,na,-5.1,4.4,3.5,3.9,28.2
TSXV:TOI,Topicus.com Inc.,,,,,,6214,74,115,6329,3,na,na,na,na,2284,824,371,na,na,2.8,7.7,16.7,na,15.6,14.6,14.6,14.6,23.5
NASDAQGS:TRMB,Trimble Inc.,,,,,,13744,59,899,14643,12,na,na,na,na,4133,3005,919,na,na,3.5,4.9,15.0,na,9.5,7.8,8.6,8.2,21.9
OM:TRUE B,Truecaller AB (publ),,,,,,819,3,-83,736,5,na,na,na,na,198,146,41,na,na,3.7,5.1,20.1,na,-14.1,19.8,16.9,18.4,60.9
NYSE:TWLO,Twilio Inc.,,,,,,35115,229,-1841,33274,28,na,na,na,na,6439,3136,1036,na,na,5.2,10.6,33.9,na,18.4,10.9,10.2,10.6,14.6
NYSE:TYL,"Tyler Technologies, Inc.",,,,,,15416,376,485,15901,24,na,na,na,na,2724,1407,598,na,na,5.8,11.3,25.8,na,9.5,9.9,8.9,9.4,14.0
NYSE:PATH,"UiPath, Inc.",,,,,,9399,18,-1333,8066,20,na,na,na,na,1866,1565,452,na,na,4.3,5.2,20.8,na,10.6,8.6,7.3,8.0,18.6
NYSE:U,Unity Software Inc.,,,,,,18008,41,242,18250,23,na,na,na,na,2522,2096,763,na,na,7.2,8.7,23.6,na,20.0,20.4,18.1,19.2,51.7
NASDAQGS:VRNS,"Varonis Systems, Inc.",,,,,,4864,42,-383,4481,23,na,na,na,na,829,651,43,na,na,5.4,6.9,114.1,na,18.3,18.6,17.0,17.8,170.5
NASDAQGM:VERX,"Vertex, Inc.",,,,,,2243,14,119,2363,16,na,na,na,na,885,673,160,na,na,2.7,3.5,14.0,na,10.5,10.5,11.3,10.9,24.5
NYSE:VIA,"Via Transportation, Inc.",,,,,,2241,28,-318,1924,9,na,na,na,na,633,258,25,na,na,3.0,7.4,91.4,na,27.0,22.2,20.8,21.5,38.9
OM:VIT B,Vitec Software Group AB,,,,,,1140,29,331,1471,6,na,na,na,na,401,356,67,na,na,3.7,4.1,17.1,na,2.4,5.3,5.3,5.3,20.7
NYSE:WEAV,Weave Communications Inc.,,,,,,584,7,-27,557,4,na,na,na,na,299,217,19,na,na,1.9,2.6,30.6,na,14.7,13.4,14.3,13.8,52.7
NASDAQGS:WDAY,"Workday, Inc.",,,,,,47810,198,369,48179,43,na,na,na,na,11321,8941,2988,na,na,4.3,5.4,16.0,na,11.8,10.6,10.6,10.6,24.3
NYSE:WK,Workiva Inc.,,,,,,4174,77,-23,4151,11,na,na,na,na,1150,955,230,na,na,3.6,4.3,18.1,na,17.8,15.5,14.9,15.2,20.3
NYSE:XPER,Xperi Inc.,,,,,,283,6,-30,253,6,na,na,na,na,475,340,59,na,na,0.5,0.7,4.8,na,2.1,5.7,7.7,6.7,50.0
NYSE:YEXT,"Yext, Inc.",,,,,,655,7,135,789,1,na,na,na,na,447,329,72,na,na,1.8,2.4,9.0,na,-0.1,0.9,1.0,0.9,6.4
NYSE:ZETA,Zeta Global Holdings Corp.,,,,,,7922,32,-90,7832,15,na,na,na,na,2015,1214,307,na,na,3.9,6.5,25.8,na,39.5,16.0,14.5,15.3,30.8
NASDAQGS:ZM,Zoom Communications Inc.,,,,,,27690,95,-7314,20376,29,na,na,na,na,5217,4133,1863,na,na,3.9,4.9,14.9,na,4.6,4.2,4.2,4.2,3.3
NASDAQGS:ZS,"Zscaler, Inc.",,,,,,28844,178,-1671,27173,47,na,na,na,na,3972,3169,813,na,na,6.8,8.6,35.5,na,21.1,16.9,16.2,16.6,17.1
NASDAQGS:TEAM,Atlassian Corporation,,,,,,47345,187,-62,47282,32,na,na,na,na,7693,6625,1267,na,na,6.1,7.1,37.4,na,19.2,14.2,15.2,14.7,134.1
NYSE:VEEV,Veeva Systems Inc.,,,,,,45210,279,-7091,38119,28,na,na,na,na,3950,3037,1601,na,na,9.7,12.6,28.2,na,15.5,12.3,12.3,12.3,13.0
NASDAQGS:CHKP,Check Point Software Technologies,,,,,,13729,134,-2229,11501,34,na,na,na,na,2915,2555,1100,na,na,3.9,4.5,12.5,na,2.8,6.0,5.8,5.9,3.2
TASE:NICE,NICE Ltd.,,,,,,6364,109,-266,6098,9,na,na,na,na,3375,2298,713,na,na,1.8,2.7,8.9,na,8.0,9.1,11.9,10.5,10.8
NASDAQGS:WIX,Wix.com Ltd.,,,,,,3698,88,1074,4773,22,14300,16190,17983,17389,2424,1649,311,na,27.4,2.0,2.9,11.9,na,13.2,11.1,11.8,11.4,43.8
NASDAQGS:GTM,ZoomInfo Technologies Inc.,,,,,,1199,4,1366,2565,20,na,na,na,na,1193,1024,354,na,na,2.2,2.5,3.4,na,-3.0,-2.4,1.9,-0.3,-0.9
NYSE:SMWB,Similarweb Ltd.,,,,,,775,9,-28,747,8,na,na,na,na,340,274,24,na,na,2.2,2.7,31.9,na,12.0,11.0,12.4,11.7,29.9
ENXTPA:DSY,Dassault Systemes SE,,,,,,34148,26,-2601,31546,23,na,na,na,na,7682,6469,2130,na,na,4.1,4.9,16.0,na,2.0,6.2,6.2,6.2,-5.1
NASDAQGS:AMZN,"Amazon.com, Inc.",,,,,,2749647,255,128252,2877899,55,na,na,na,na,907423,475555,120496,na,na,3.2,6.1,22.8,na,15.5,14.3,15.7,15.0,-14.7
NYSE:BABA,Alibaba Group Holding Limited,,,,,,272954,113,-37910,235043,33,na,na,na,na,176357,70472,18732,na,na,1.3,3.3,14.6,na,8.0,11.9,13.6,12.8,29.4
NASDAQGS:JD,"JD.com, Inc.",,,,,,37498,28,-13469,24029,25,na,na,na,na,210174,35529,5641,na,na,0.1,0.7,6.6,na,3.9,5.8,5.1,5.4,25.5
NASDAQGS:PDD,PDD Holdings Inc.,,,,,,118384,83,-66478,51906,29,na,na,na,na,74819,42270,17621,na,na,0.7,1.2,6.7,na,8.4,11.1,9.1,10.1,21.6
NASDAQGS:MELI,"MercadoLibre, Inc.",,,,,,99543,1963,7462,107005,20,65037,93851,120036,111356,49470,21130,2549,na,96.1,2.2,5.1,39.0,na,44.3,27.9,24.7,26.3,43.3
NYSE:SE,Sea Limited,,,,,,68996,113,-4834,64162,21,127400,172364,210559,197897,35632,16229,3128,na,32.4,1.8,4.0,22.1,na,35.3,22.2,17.8,20.0,40.1
NYSE:CPNG,"Coupang, Inc.",,,,,,28401,16,-477,27924,15,na,na,na,na,40392,11716,69,na,na,0.7,2.4,408.3,na,7.2,13.7,11.8,12.7,nm
NASDAQGS:EBAY,eBay Inc.,,,,,,46716,105,3783,50499,28,79609,89664,95687,93690,13063,9544,2875,na,53.9,3.9,5.3,16.3,na,12.6,6.7,6.4,6.5,6.9
NYSE:ETSY,"Etsy, Inc.",,,,,,7503,82,1954,9457,28,11917,11774,12297,12124,2934,2143,716,na,78.0,3.2,4.4,10.5,na,-1.2,4.4,4.3,4.4,2.9
WSE:ALE,Allegro.eu S.A.,,,,,,11905,12,910,12815,15,18434,21547,24071,23234,3868,1310,631,na,55.2,3.3,9.8,18.9,na,16.9,11.7,11.6,11.6,19.7
XTRA:ZAL,Zalando SE,,,,,,6763,28,-116,6647,26,19843,22235,23534,23123,16679,6680,506,na,28.7,0.4,1.0,13.4,na,12.4,5.6,5.2,5.4,19.7
LSE:ASC,ASOS Plc,,,,,,658,5,643,1300,12,3198,3005,3046,3033,3081,1540,-56,na,42.9,0.4,0.8,nm,na,-6.0,1.4,2.0,1.7,nm
NYSE:VIPS,Vipshop Holdings Limited,,,,,,7248,13,-3764,3484,20,29719,29061,29346,29251,15511,3635,1134,na,11.9,0.2,1.0,6.4,na,-2.2,1.0,0.1,0.5,25.1
NASDAQGS:BZUN,Baozun Inc.,,,,,,159,3,141,300,6,na,na,na,na,1677,1237,43,na,na,0.2,0.2,3.7,na,8.2,7.1,6.7,6.9,64.5
NASDAQGS:DASH,"DoorDash, Inc.",,,,,,97778,226,-2031,95747,37,102018,132556,159769,150748,20269,10589,3222,na,63.5,4.7,9.0,30.3,na,29.9,20.5,18.5,19.5,30.3
NYSE:UBER,"Uber Technologies, Inc.",,,,,,153682,75,2054,155736,43,193454,215540,248503,237575,63881,28136,8214,na,65.6,2.4,5.5,18.7,na,11.4,15.3,14.1,14.7,29.8
XTRA:DHER,Delivery Hero SE,,,,,,12941,43,3155,16096,17,55592,62949,68687,66785,19581,5074,-215,na,24.1,0.8,3.2,nm,na,13.2,9.1,9.8,9.5,nm
SEHK:3690,Meituan,,,,,,60334,10,-12894,47441,36,na,na,na,na,67452,22209,2618,na,na,0.7,2.1,23.0,na,14.3,13.1,13.5,13.3,947.1
NSEI:ETERNAL,Eternal Limited,,,,,,31750,3,-215,31536,31,na,na,na,na,12213,4698,253,na,na,2.6,6.7,125.5,na,88.7,50.8,31.2,40.7,153.6
NSEI:SWIGGY,Swiggy Limited,,,,,,7551,8,-910,6642,28,7665,10350,13191,12250,3553,2015,-242,na,54.2,1.9,3.3,nm,na,35.0,27.4,19.2,23.3,nm
NASDAQGS:CART,Maplebear Inc.,,,,,,11587,50,-851,10736,28,37224,42241,46670,45200,4544,3337,1136,na,23.8,2.4,3.2,10.2,na,13.5,10.5,9.8,10.1,16.8
NASDAQGS:BKNG,Booking Holdings Inc.,,,,,,147038,196,3414,150452,35,186107,202296,221401,215067,31106,27173,8826,na,70.0,4.8,5.5,16.7,na,8.7,9.4,8.2,8.8,14.0
NASDAQGS:EXPE,"Expedia Group, Inc.",,,,,,36513,304,-877,35636,34,119590,131509,140834,137743,16969,15371,2785,na,25.9,2.1,2.3,13.1,na,10.0,7.1,7.5,7.3,12.8
NASDAQGS:ABNB,"Airbnb, Inc.",,,,,,107626,183,-9573,98053,36,91273,105545,117495,113534,15226,12666,3472,na,86.4,6.4,7.7,31.0,na,15.6,11.3,10.9,11.1,14.3
NASDAQGS:TRIP,"Tripadvisor, Inc.",,,,,,1109,9,26,1134,14,4700,3935,4035,4042,1626,1501,121,na,28.1,0.7,0.8,9.2,na,-16.3,4.1,1.1,2.6,28.1
NASDAQGS:TCOM,Trip.com Group Limited,,,,,,27606,44,-6968,20639,25,na,na,na,na,10814,8619,2745,na,na,1.9,2.4,10.1,na,8.2,11.5,10.2,10.9,17.4
NASDAQGS:TRVG,trivago N.V.,,,,,,413,6,-142,271,5,na,na,na,na,780,753,33,na,na,0.3,0.4,12.4,na,15.2,9.6,10.4,10.0,67.1
NASDAQGS:MMYT,MakeMyTrip Limited,,,,,,5280,56,668,5948,8,10391,11777,13772,13111,1297,935,225,na,45.4,4.6,6.4,23.4,na,13.3,16.9,20.4,18.7,44.5
NASDAQGS:CARG,"CarGurus, Inc.",,,,,,3097,35,63,3160,14,na,na,na,na,1075,994,261,na,na,2.9,3.2,11.9,na,11.8,9.0,7.6,8.3,12.7
NYSE:CARS,Cars.com Inc.,,,,,,620,12,414,1034,7,na,na,na,na,741,619,140,na,na,1.4,1.7,4.4,na,0.8,2.4,2.3,2.4,21.2
LSE:AUTO,Auto Trader Group plc,,,,,,5355,7,193,5548,18,na,na,na,na,899,711,422,na,na,6.2,7.8,12.7,na,3.9,5.0,4.6,4.8,5.1
NASDAQGS:ATHM,Autohome Inc.,,,,,,2558,22,-2544,15,9,na,na,na,na,753,556,154,na,na,0.0,0.0,16.6,na,-23.1,2.9,-1.6,0.6,4.3
NYSE:CVNA,Carvana Co.,,,,,,51964,72,3675,55639,22,na,na,na,na,33659,6455,1332,na,na,1.7,8.6,39.0,na,42.4,24.4,23.7,24.0,42.3
NYSE:ACVA,ACV Auctions Inc.,,,,,,1148,7,7,1155,12,10400,11613,12926,12491,912,465,53,na,9.2,1.3,2.5,21.8,na,11.7,11.3,14.5,12.9,73.1
NASDAQGS:OPEN,Opendoor Technologies Inc.,,,,,,2952,3,1048,4000,9,na,na,na,na,6289,586,-103,na,na,0.6,6.8,nm,na,-10.0,89.6,24.9,53.9,nm
NYSE:KMX,"CarMax, Inc.",,,,,,8657,61,18700,27357,18,na,na,na,na,27467,2871,400,na,na,1.0,9.5,21.6,na,-2.3,1.5,2.5,2.0,14.9
NYSE:OPLN,"OPENLANE, Inc.",,,,,,4304,35,2283,6587,8,28800,32576,35192,34325,2306,1003,208,na,19.2,2.9,6.6,20.7,na,13.1,8.0,8.4,8.2,21.1
NASDAQGS:Z,"Zillow Group, Inc.",,,,,,7565,33,-140,7425,23,na,na,na,na,3182,2326,618,na,na,2.3,3.2,12.2,na,14.2,11.8,11.6,11.7,27.8
LSE:RMV,Rightmove plc,,,,,,4988,7,-38,4950,19,na,na,na,na,648,309,318,na,na,7.6,16.0,15.7,na,7.0,8.1,8.4,8.3,4.3
XTRA:G24,Scout24 SE,,,,,,6276,91,742,7018,21,na,na,na,na,951,893,361,na,na,7.4,7.9,17.4,na,17.6,11.1,9.0,10.0,15.1
ASX:REA,REA Group Limited,,,,,,15878,121,-439,15439,15,na,na,na,na,1404,1067,543,na,na,11.0,14.5,29.3,na,3.0,2.6,10.3,6.4,23.7
OM:HEM,Hemnet Group AB (publ),,,,,,858,9,71,929,14,na,na,na,na,163,122,54,na,na,5.7,7.6,16.0,na,-11.4,23.9,12.4,18.0,38.6
NASDAQGS:CSGP,"CoStar Group, Inc.",,,,,,12958,32,-98,12860,22,na,na,na,na,4022,3187,640,na,na,3.2,4.0,20.2,na,15.3,11.1,11.6,11.3,23.4
NASDAQGS:UPWK,Upwork Inc.,,,,,,1147,9,-235,912,10,4028,3795,3767,3776,738,559,183,na,24.2,1.2,1.6,6.3,na,-5.8,-0.7,6.6,2.9,-0.7
NYSE:FVRR,Fiverr International Ltd.,,,,,,333,9,-306,27,9,1073,910,794,832,334,284,54,na,3.2,0.1,0.1,6.1,na,-15.2,-12.8,3.9,-4.8,-17.8
NASDAQGS:ANGI,Angi Inc.,,,,,,189,5,234,423,7,na,na,na,na,949,906,-38,na,na,0.4,0.5,nm,na,-7.3,-0.9,5.0,2.0,nm
ASX:SEK,SEEK Limited,,,,,,3658,10,-377,3280,14,na,na,na,na,932,862,88,na,na,3.5,3.8,41.4,na,6.7,3.9,9.6,6.7,nm
NSEI:NAUKRI,Info Edge (India) Limited,,,,,,9255,14,-198,9057,16,na,na,na,na,387,231,146,na,na,23.4,39.1,63.3,na,7.4,11.7,13.8,12.7,8.0
LSE:MONY,MONY Group plc,,,,,,1370,3,57,1427,11,na,na,na,na,625,403,133,na,na,2.3,3.5,10.3,na,1.5,3.1,3.6,3.3,4.0
NASDAQGS:MTCH,"Match Group, Inc.",,,,,,9621,42,3084,12705,20,na,na,na,na,3572,2704,967,na,na,3.6,4.7,9.9,na,-0.2,4.0,5.7,4.8,2.9
NASDAQGS:BMBL,Bumble Inc.,,,,,,354,3,406,760,12,na,na,na,na,815,602,195,na,na,0.9,1.3,1.8,na,-13.6,-3.4,0.3,-1.6,-7.8
NYSE:GRND,Grindr Inc.,,,,,,2699,16,379,3079,4,na,na,na,na,605,453,10,na,na,5.1,6.8,259.1,na,23.3,17.1,16.9,17.0,nm
NASDAQGS:NFLX,"Netflix, Inc.",,,,,,336488,81,7527,344015,47,na,na,na,na,55088,28404,15676,na,na,6.2,12.1,21.5,na,13.4,11.3,10.2,10.7,4.1
NYSE:SPOT,Spotify Technology S.A.,,,,,,111869,544,-7448,104421,34,na,na,na,na,24797,8418,3538,na,na,4.2,12.4,31.6,na,13.7,14.2,13.5,13.9,26.6
NASDAQGS:DUOL,"Duolingo, Inc.",,,,,,7428,159,-1228,6201,24,na,na,na,na,1314,932,368,na,na,4.7,6.7,20.2,na,16.3,13.3,13.5,13.4,18.0
NYSE:NYT,The New York Times Company,,,,,,10924,68,-1216,9707,9,na,na,na,na,3252,1637,485,na,na,3.0,5.9,22.5,na,11.1,6.8,5.9,6.4,10.4
NYSE:RBLX,Roblox Corporation,,,,,,29054,41,-1201,27853,26,6788,9564,10731,10344,7452,6028,-955,na,269.3,3.7,4.6,nm,na,40.9,12.2,17.0,14.6,nm
NASDAQGS:ROKU,"Roku, Inc.",,,,,,23084,156,-2083,21001,31,na,na,na,na,6081,2772,556,na,na,3.5,7.6,41.5,na,18.7,12.1,12.1,12.1,35.5
NYSE:COUR,"Coursera, Inc.",,,,,,1634,6,-973,661,10,na,na,na,na,1417,890,197,na,na,0.5,0.7,8.3,na,63.2,21.9,3.5,12.3,41.4
NYSE:CHGG,"Chegg, Inc.",,,,,,88,1,-22,66,1,na,na,na,na,163,83,-10,na,na,0.4,0.8,nm,na,-47.5,-26.3,-26.3,-26.3,nm
NYSE:CHWY,"Chewy, Inc.",,,,,,9712,24,3,9715,27,na,na,na,na,14037,4237,700,na,na,0.7,2.3,13.9,na,7.0,7.0,6.5,6.7,24.9
NYSE:W,Wayfair Inc.,,,,,,12859,94,2373,15232,27,na,na,na,na,14073,4218,510,na,na,1.1,3.6,25.2,na,7.7,7.3,7.6,7.5,35.7
NYSE:HIMS,"Hims & Hers Health, Inc.",,,,,,6635,28,705,7341,15,na,na,na,na,3722,2455,223,na,na,2.0,3.0,29.8,na,36.4,24.3,12.3,18.1,40.1
NYSE:WRBY,Warby Parker Inc.,,,,,,2990,24,-42,2948,14,na,na,na,na,1082,586,69,na,na,2.7,5.0,43.5,na,11.4,17.1,32.2,24.4,42.8
NYSE:RVLV,"Revolve Group, Inc.",,,,,,1579,22,-279,1299,14,na,na,na,na,1473,797,77,na,na,0.9,1.6,20.5,na,13.3,9.0,7.1,8.1,26.7
NASDAQGS:REAL,"The RealReal, Inc.",,,,,,1218,10,344,1562,9,2130,2446,2716,2626,854,636,29,na,59.5,1.8,2.5,42.4,na,14.8,11.0,11.1,11.1,207.7
NYSE:ONON,On Holding AG,,,,,,9268,28,-838,8430,24,na,na,na,na,4868,3167,636,na,na,1.7,2.7,14.6,na,16.5,18.6,20.3,19.5,20.1
NYSE:ELF,"e.l.f. Beauty, Inc.",,,,,,6228,106,585,6813,18,na,na,na,na,2019,1454,209,na,na,3.4,4.7,29.8,na,21.0,10.8,8.5,9.7,34.8
NYSE:FIGS,"FIGS, Inc.",,,,,,2535,15,-239,2297,7,na,na,na,na,801,545,71,na,na,2.9,4.2,35.9,na,20.6,7.9,6.4,7.1,3.7
NYSE:BARK,"BARK, Inc.",,,,,,98,11,20,118,2,na,na,na,na,349,217,-13,na,na,0.3,0.5,nm,na,-16.0,-0.7,7.0,3.1,nm
NYSE:YETI,"YETI Holdings, Inc.",,,,,,2931,40,193,3124,17,na,na,na,na,2107,1223,240,na,na,1.5,2.6,12.2,na,7.6,7.2,6.2,6.7,10.5
NYSE:RBA,"RB Global, Inc.",,,,,,15325,83,4171,19496,10,16202,17673,18584,18282,5180,2396,885,na,106.6,3.8,8.1,17.3,na,9.1,5.2,13.4,9.2,12.1
NASDAQGS:CPRT,"Copart, Inc.",,,,,,30056,32,-4089,25967,12,na,na,na,na,4901,2228,1579,na,na,5.3,11.7,19.0,na,1.5,5.8,8.0,6.9,4.8
NASDAQGS:XMTR,"Xometry, Inc.",,,,,,5225,91,-180,5045,11,na,na,na,na,1050,406,71,na,na,4.8,12.4,73.1,na,33.7,21.5,20.1,20.8,88.6
NASDAQGM:GCT,GigaCloud Technology Inc.,,,,,,1692,47,129,1821,2,1577,1892,2032,1985,1624,404,159,na,91.7,1.1,4.5,10.6,na,20.0,7.4,7.4,7.4,9.2
NASDAQCM:CRGO,Freightos Limited,,,,,,65,1,-19,46,2,1286,1329,1466,1421,33,23,-9,na,3.2,1.4,2.0,nm,na,3.3,10.4,16.6,13.4,nm
LSE:ATG,Auction Technology Group plc,,,,,,703,6,156,859,9,12100,14932,15745,15475,262,162,58,na,5.5,3.3,5.3,12.2,na,23.4,5.4,6.2,5.8,18.0
XTRA:AG1,AUTO1 Group SE,,,,,,5576,25,1290,6865,14,na,na,na,na,12657,1568,228,na,na,0.5,4.4,24.5,na,21.4,15.0,14.0,14.5,56.5
NASDAQGS:BZ,Kanzhun Limited,,,,,,7847,18,-3052,4795,19,na,na,na,na,1498,1290,654,na,na,3.2,3.7,12.0,na,12.4,12.5,12.4,12.5,15.4
NYSE:ZIP,"ZipRecruiter, Inc.",,,,,,340,4,91,431,5,na,na,na,na,478,430,42,na,na,0.9,1.0,8.2,na,3.0,5.1,7.4,6.2,21.2
ASX:ART,Airtasker Limited,,,,,,77,0,-19,58,3,135,147,163,157,46,41,-3,na,37.1,1.3,1.4,nm,na,8.4,11.1,13.8,12.4,nm
ASX:FLN,Freelancer Limited,,,,,,48,0,-5,43,1,569,528,583,565,38,32,1,na,7.7,1.2,1.3,33.4,na,-7.1,10.3,10.3,10.3,226.2
ASX:HPG,hipages Group Holdings Limited,,,,,,90,1,-18,72,4,na,na,na,na,72,44,7,na,na,1.0,1.6,12.8,na,9.3,9.9,9.5,9.7,-17.0
NSEI:INDIAMART,IndiaMART InterMESH Limited,,,,,,1118,19,-385,733,12,na,na,na,na,190,108,61,na,na,3.9,6.8,18.5,na,10.4,10.5,11.1,10.8,11.4
TSE:3064,"MonotaRO Co., Ltd.",,,,,,5843,12,-123,5720,11,na,na,na,na,2552,759,288,na,na,2.2,7.5,20.3,na,14.3,10.6,11.1,10.8,23.1
TSE:4194,"Visional, Inc.",,,,,,2353,58,-462,1891,9,na,na,na,na,743,664,154,na,na,2.5,2.8,15.2,na,21.3,16.8,13.5,15.1,22.8
TSE:2492,Infomart Corporation,,,,,,1059,4,-122,938,4,na,na,na,na,142,107,81,na,na,6.6,8.7,13.1,na,11.3,12.5,13.2,12.8,193.4
TSE:6027,"Bengo4.com,Inc.",,,,,,750,33,7,757,3,na,na,na,na,139,109,16,na,na,5.5,7.0,46.2,na,24.3,20.3,18.0,19.1,43.9
TSE:4480,"Medley, Inc.",,,,,,494,16,42,536,5,na,na,na,na,329,204,1,na,na,1.6,2.6,412.4,na,26.7,19.5,15.9,17.7,-65.2
TSE:2175,"SMS Co., Ltd.",,,,,,1270,15,-60,1211,6,na,na,na,na,463,408,-170,na,na,2.6,3.0,nm,na,9.4,9.3,10.1,9.7,nm
TSE:2379,DIP Corporation,,,,,,593,11,-100,493,7,na,na,na,na,336,296,21,na,na,1.5,1.7,28.6,na,-3.1,1.3,4.3,2.8,-33.5
TSE:4849,en Inc.,,,,,,395,10,-139,256,5,na,na,na,na,358,295,5,na,na,0.7,0.9,84.9,na,-8.0,3.9,-0.5,1.6,-65.7
NASDAQGS:LZ,"LegalZoom.com, Inc.",,,,,,1052,6,-152,899,8,na,na,na,na,824,577,137,na,na,1.1,1.6,7.7,na,5.8,4.5,5.2,4.9,12.3
NYSE:DHX,"DHI Group, Inc.",,,,,,185,4,36,221,3,na,na,na,na,127,105,11,na,na,1.7,2.1,16.5,na,-1.9,2.2,2.2,2.2,-33.1
LSE:OCDO,Ocado Group plc,,,,,,2573,3,307,2880,13,na,na,na,na,2099,807,-414,na,na,1.4,3.6,nm,na,19.3,-11.4,8.0,-2.2,nm
TSE:3182,Oisix Inc.,,,,,,373,11,118,491,3,na,na,na,na,1601,479,39,na,na,0.3,1.0,9.6,na,-1.1,3.8,4.6,4.2,24.4
XTRA:HFG,HelloFresh SE,,,,,,447,3,572,1019,16,na,na,na,na,7315,4512,80,na,na,0.1,0.2,5.6,na,-7.2,0.8,0.6,0.7,32.0
NSEI:DELHIVERY,Delhivery Limited,,,,,,3637,5,-55,3582,20,na,na,na,na,1425,468,68,na,na,2.5,7.6,53.4,na,19.5,17.8,17.4,17.6,94.0
ENXTAM:INPST,InPost S.A.,,,,,,9006,18,2659,11666,12,na,na,na,na,5157,2096,461,na,na,2.3,5.6,19.5,na,17.5,17.0,14.2,15.6,20.7
SEHK:1519,J&T Global Express Limited,,,,,,11926,1,829,12755,21,na,na,na,na,17172,2269,881,na,na,0.7,5.6,13.5,na,26.7,17.2,17.9,17.5,34.3
NYSE:ZTO,ZTO Express (Cayman) Inc.,,,,,,16006,21,-1351,14655,12,na,na,na,na,9061,2366,1736,na,na,1.6,6.2,9.2,na,17.5,8.4,8.3,8.3,11.4
NYSE:YMM,Full Truck Alliance Co. Ltd.,,,,,,8830,9,-3425,5405,12,na,na,na,na,1944,1430,861,na,na,2.8,3.8,10.3,na,-0.9,8.4,15.1,11.7,17.3
SZSE:002352,"S.F. Holding Co., Ltd.",,,,,,24019,5,1078,25098,18,na,na,na,na,51713,7172,1780,na,na,0.5,3.5,13.5,na,6.4,8.9,7.3,8.1,17.5
NYSE:UPS,"United Parcel Service, Inc.",,,,,,87341,103,24052,111393,25,na,na,na,na,93787,13192,6601,na,na,1.2,8.4,13.2,na,3.2,3.8,3.3,3.5,11.8
NYSE:FDX,FedEx Corporation,,,,,,76889,325,29393,106282,15,na,na,na,na,93159,12254,4507,na,na,1.1,8.7,17.1,na,0.8,0.9,2.7,1.8,6.7
NYSE:XPO,"XPO, Inc.",,,,,,21672,185,3747,25419,24,na,na,na,na,9354,6918,716,na,na,2.7,3.7,30.3,na,10.8,5.2,6.4,5.8,16.8
NYSE:GXO,"GXO Logistics, Inc.",,,,,,5295,46,5385,10680,16,na,na,na,na,14459,2228,384,na,na,0.7,4.8,13.8,na,5.9,5.4,5.2,5.3,15.2
NYSE:RXO,"RXO, Inc.",,,,,,3317,20,713,4030,17,na,na,na,na,7279,1063,79,na,na,0.6,3.8,42.0,na,19.1,9.6,8.9,9.3,430.5
NASDAQ:CHRW,C.H. Robinson Worldwide Inc.,,,,,,17280,148,1818,19098,24,na,na,na,na,19148,3071,843,na,na,1.0,6.2,20.5,na,12.7,7.0,3.6,5.3,18.7
NYSE:EXPD,Expeditors International of Washington,,,,,,24399,188,-462,23937,16,na,na,na,na,13067,4220,1014,na,na,1.8,5.7,24.1,na,17.7,0.5,1.2,0.9,0.3
NASDAQ:HUBG,"Hub Group, Inc.",,,,,,2320,38,432,2752,13,na,na,na,na,3982,1014,143,na,na,0.7,2.7,16.3,na,3.8,6.5,6.9,6.7,21.4
NYSEAM:RLGT,"Radiant Logistics, Inc.",,,,,,375,8,45,420,3,na,na,na,na,957,165,23,na,na,0.4,2.5,16.3,na,2.6,5.0,5.0,5.0,16.0
NYSE:COLD,Americold Realty Trust Inc.,,,,,,4208,15,4618,8826,8,na,na,na,na,2532,819,-49,na,na,3.5,10.8,nm,na,-2.5,-0.2,5.6,2.7,nm
NASDAQ:LINE,"Lineage, Inc.",,,,,,8833,39,9187,18020,11,na,na,na,na,5492,1741,-148,na,na,3.3,10.4,nm,na,0.9,2.5,5.2,3.8,nm
LSE:CKN,Clarkson PLC,,,,,,2113,69,-369,1744,7,na,na,na,na,1065,1000,120,na,na,1.6,1.7,17.6,na,22.4,2.8,6.2,4.5,9.0
LSE:BBOX,Tritax Big Box REIT plc,,,,,,6112,2,3306,9417,12,na,na,na,na,516,503,346,na,na,18.3,18.7,17.7,na,11.4,6.6,9.2,7.9,11.2
XTRA:DHL,DHL Group,,,,,,71351,64,26439,97790,22,na,na,na,na,103431,7726,4715,na,na,0.9,12.7,15.1,na,4.8,3.0,3.5,3.2,7.5
ENXTPA:IDL,ID Logistics Group SA,,,,,,2521,385,0,2521,7,na,na,na,na,5382,2686,107,na,na,0.5,0.9,23.7,na,16.5,9.9,8.8,9.4,19.2
ENXTPA:STF,STEF SA,,,,,,1804,143,1714,3518,3,na,na,na,na,6377,0,185,na,na,0.6,na,9.8,na,5.3,3.0,3.0,3.0,23.8
ENXTAM:PNL,PostNL N.V.,,,,,,542,1,579,1121,5,na,na,na,na,3999,1807,36,na,na,0.3,0.6,15.1,na,1.9,2.8,3.6,3.2,116.4
CPSE:DSV,DSV A/S,,,,,,49091,206,13117,62208,20,na,na,na,na,47002,12595,2839,na,na,1.3,4.9,17.3,na,20.9,2.0,3.2,2.6,33.0
CPSE:NTG,NTG Nordic Transport Group A/S,,,,,,951,44,372,1324,5,na,na,na,na,1958,438,60,na,na,0.7,3.0,15.8,na,9.8,1.6,3.1,2.3,24.0
WSE:PKP,Pkp Cargo S.A.,,,,,,126,3,589,716,1,na,na,na,na,1269,388,56,na,na,0.6,1.8,2.3,na,18.1,9.0,7.6,8.3,201.1
TSE:9064,"Yamato Holdings Co., Ltd.",,,,,,3892,12,-90,3802,12,na,na,na,na,12088,667,25,na,na,0.3,5.7,153.2,na,3.4,2.6,2.6,2.6,-64.0
TSE:9143,"SG Holdings Co.,Ltd.",,,,,,5661,9,1850,7510,12,na,na,na,na,11122,1292,378,na,na,0.7,5.8,15.0,na,7.8,4.5,3.5,4.0,1.6
TSE:9147,Nippon Express Holdings Inc.,,,,,,8775,37,3827,12602,7,na,na,na,na,17473,2226,1,na,na,0.7,5.7,HIDDEN,na,6.7,2.7,2.2,2.4,-91.5
TSE:9301,Mitsubishi Logistics Corporation,,,,,,3262,10,494,3756,5,na,na,na,na,1792,233,780,na,na,2.1,16.1,4.2,na,1.5,3.4,4.5,4.0,71.9
SEHK:636,KLN Logistics Group Limited,,,,,,1370,1,865,2235,7,na,na,na,na,8021,642,187,na,na,0.3,3.5,7.3,na,9.5,3.0,4.4,3.7,5.2
SEHK:598,Sinotrans Limited,,,,,,6386,1,-976,5409,6,na,na,na,na,14265,816,483,na,na,0.4,6.6,13.2,na,-6.2,8.4,2.8,5.6,-8.1
NSEI:BLUEDART,Blue Dart Express Limited,,,,,,1276,54,52,1328,0,na,na,na,na,760,306,42,na,na,1.7,4.3,30.4,na,12.3,9.5,8.5,9.0,22.0
NSEI:CONCOR,Container Corporation of India Limited,,,,,,4125,5,-255,3870,8,na,na,na,na,1113,357,158,na,na,3.5,10.8,26.1,na,7.8,12.7,13.0,12.9,15.8
ASX:LAU,Lindsay Australia Limited,,,,,,200,1,219,419,3,na,na,na,na,801,247,21,na,na,0.5,1.7,9.6,na,13.3,3.1,3.6,3.4,19.1
BOVESPA:JSLG3,JSL S.A.,,,,,,312,1,1201,1512,4,na,na,na,na,2154,465,76,na,na,0.7,3.3,4.1,na,9.2,8.0,8.9,8.4,49.1
BOVESPA:TGMA3,Tegma Gestao Logistica S.A.,,,,,,439,7,-8,430,1,na,na,na,na,519,100,61,na,na,0.8,4.3,7.2,na,6.7,18.7,8.4,13.5,21.8
BMV:TRAXION A,"Grupo Traxion, S.A.B. de C.V.",,,,,,345,1,28,373,6,na,na,na,na,2320,365,47,na,na,0.2,1.0,7.3,na,11.1,7.1,9.1,8.1,108.9
NYSE:PRG,"PROG Holdings, Inc.",,,,,,1498,38,802,2300,8,2497,3171,3425,3341,3223,1185,217,na,68.8,0.7,1.9,6.9,na,27.0,8.0,9.8,8.9,11.9
NASDAQ:SEZL,Sezzle Inc.,,,,,,3856,115,42,3899,7,3940,5329,6626,6196,708,518,217,na,62.9,5.5,7.5,17.8,na,35.2,24.3,15.8,20.0,27.7
NASDAQ:PGY,Pagaya Technologies Ltd.,,,,,,1747,21,-339,1408,11,na,na,na,na,1620,694,392,na,na,0.9,2.0,4.5,na,13.0,15.2,13.6,14.4,13.1
NASDAQ:GCT,GigaCloud Technology Inc. DUPLICATE OF NASDAQGM:GCT,,,,,,1692,47,129,1821,2,1577,1892,2032,1985,1624,404,159,na,91.7,1.1,4.5,10.6,na,20.0,7.4,7.4,7.4,9.2
NASDAQ:CRGO,Freightos Limited DUPLICATE OF NASDAQCM:CRGO,,,,,,65,1,-19,46,2,1286,1329,1466,1421,33,23,-9,na,3.2,1.4,2.0,nm,na,3.3,10.4,16.6,13.4,nm
NASDAQ:BZ,Kanzhun Limited DUPLICATE OF NASDAQGS:BZ,,,,,,7847,18,-3052,4795,19,na,na,na,na,1498,1290,654,na,na,3.2,3.7,12.0,na,12.4,12.5,12.4,12.5,15.4
NASDAQ:LZ,"LegalZoom.com, Inc. DUPLICATE OF NASDAQGS:LZ",,,,,,1052,6,-152,899,8,na,na,na,na,824,577,137,na,na,1.1,1.6,7.7,na,5.8,4.5,5.2,4.9,12.3
LSE:HAS,Hays plc,,,,,,1574,1,177,1750,9,na,na,na,na,8364,1020,30,na,na,0.2,1.7,52.4,na,-3.9,-1.8,5.2,1.6,nm
ASX:ELD,Elders Limited,,,,,,915,4,582,1497,8,na,na,na,na,2939,565,83,na,na,0.5,2.6,11.0,na,18.4,3.1,4.3,3.7,16.6
NASDAQ:COST,Costco Wholesale Corporation,,,,,,416852,940,-11764,405088,35,na,na,na,na,326003,36523,10094,na,na,1.2,11.1,41.3,na,9.1,7.8,7.0,7.4,10.0
NYSE:BJ,BJ's Wholesale Club Holdings Inc.,,,,,,11555,91,2743,14299,19,na,na,na,na,24696,4455,622,na,na,0.6,3.2,18.6,na,10.9,6.2,6.4,6.3,5.1
NASDAQ:PSMT,"PriceSmart, Inc.",,,,,,5179,172,12,5190,4,na,na,na,na,6515,864,197,na,na,0.8,6.0,26.3,na,10.9,11.6,11.5,11.6,14.8
NYSE:PLNT,"Planet Fitness, Inc.",,,,,,3796,50,2541,6337,20,na,na,na,na,1491,1238,266,na,na,4.3,5.1,14.3,na,15.1,7.0,8.4,7.7,8.6
NYSE:LTH,Life Time Group Holdings Inc.,,,,,,9347,42,4047,13395,14,na,na,na,na,3635,1557,440,na,na,3.7,8.6,21.2,na,12.5,11.8,11.1,11.4,17.2
NASDAQ:TRUP,"Trupanion, Inc.",,,,,,1223,28,-42,1181,7,na,na,na,na,1682,0,179,na,na,0.7,na,6.8,na,10.6,8.5,8.2,8.4,5.8
NASDAQ:FTDR,"Frontdoor, Inc.",,,,,,5478,80,557,6035,7,na,na,na,na,2290,1263,342,na,na,2.6,4.8,16.0,na,5.1,6.1,7.0,6.6,5.2
NYSE:ADT,ADT Inc.,,,,,,5384,7,7749,13133,6,na,na,na,na,5315,4123,734,na,na,2.5,3.2,7.3,na,1.8,2.7,3.2,2.9,2.9
NYSE:ARLO,"Arlo Technologies, Inc.",,,,,,1353,13,-135,1217,7,na,na,na,na,614,331,114,na,na,2.0,3.7,11.9,na,11.8,5.6,0.3,2.9,10.7
NYSE:FUBO,FuboTV Inc.,,,,,,318,11,1998,2316,10,na,na,na,na,6458,556,11,na,na,0.4,4.2,29.1,na,28.5,4.6,4.1,4.3,nm
NASDAQ:CURI,CuriosityStream Inc.,,,,,,166,3,-7,159,4,na,na,na,na,86,50,17,na,na,1.9,3.2,9.9,na,10.6,12.1,10.5,11.3,55.7
NYSE:ROL,"Rollins, Inc.",,,,,,17413,36,1006,18419,18,na,na,na,na,4327,2269,606,na,na,4.3,8.1,28.8,na,8.8,8.7,8.4,8.5,11.2
NASDAQ:PTON,"Peloton Interactive, Inc.",,,,,,2234,5,504,2737,18,na,na,na,na,2381,1271,80,na,na,1.1,2.2,28.1,na,-2.4,-1.7,0.4,-0.7,-11.4
ENXTAM:BFIT,Basic-Fit N.V.,,,,,,2508,39,3342,5849,11,na,na,na,na,2081,2035,154,na,na,2.8,2.9,16.2,na,17.3,11.5,8.0,9.7,61.9
LSE:GYM,The Gym Group plc,,,,,,488,3,547,1036,9,na,na,na,na,390,386,13,na,na,2.7,2.7,38.5,na,9.8,10.9,11.5,11.2,9.4
LSE:PETS,Pets at Home Group Plc,,,,,,1260,3,477,1736,10,na,na,na,na,2055,937,100,na,na,0.8,1.9,12.6,na,1.8,2.1,1.9,2.0,7.5
OM:VSURE,Verisure plc,,,,,,10742,10,5919,16661,11,na,na,na,na,5075,2456,762,na,na,3.3,6.8,14.1,na,10.5,8.7,8.3,8.5,19.0
TSE:9418,"U-NEXT HOLDINGS Co.,Ltd.",,,,,,1940,11,215,2155,5,5139,5921,6483,6297,3163,955,166,na,34.2,0.7,2.3,11.7,na,15.2,9.5,6.1,7.8,19.8
TSE:7085,CURVES HOLDINGS Co. Ltd.,,,,,,545,6,-35,510,2,na,na,na,na,291,125,39,na,na,1.8,4.1,13.8,na,11.8,8.9,9.9,9.4,20.7
ASX:VVA,Viva Leisure Limited,,,,,,108,1,260,368,2,na,na,na,na,190,19,15,na,na,1.9,19.1,7.0,na,11.2,9.6,8.7,9.2,35.4
ASX:ABB,Aussie Broadband Limited,,,,,,966,3,98,1064,12,na,na,na,na,1159,379,66,na,na,0.9,2.8,14.5,na,16.4,17.9,10.3,14.0,61.3
NSEI:MATRIMONY,Matrimony.com Limited,,,,,,113,5,-21,92,1,na,na,na,na,56,37,6,na,na,1.6,2.5,18.0,na,8.6,9.2,8.6,8.9,28.8
NASDAQ:RPAY,Repay Holdings Corporation,,,,,,291,4,686,977,4,na,na,na,na,582,387,97,na,na,1.7,2.5,3.0,na,59.1,27.4,8.3,17.5,20.8
NASDAQ:PRTH,"Priority Technology Holdings, Inc.",,,,,,433,5,936,1368,4,72374,78752,84558,82633,1088,429,101,na,1.7,1.3,3.2,4.3,na,8.8,7.4,6.8,7.1,16.2
NASDAQ:USIO,"Usio, Inc.",,,,,,80,3,-2,78,3,8400,9624,10631,10297,105,24,2,na,0.8,0.7,3.2,34.8,na,14.6,10.5,10.5,10.5,291.5
NYSE:PHR,"Phreesia, Inc.",,,,,,732,12,18,750,19,4873,5248,5495,5413,528,357,93,na,13.9,1.4,2.1,7.8,na,7.7,4.7,3.8,4.3,37.0
NYSE:WEX,WEX Inc.,,,,,,6431,189,-744,5687,14,147786,160207,162742,161901,2915,1786,708,na,3.5,2.0,3.2,9.1,na,8.4,1.6,3.6,2.6,2.8
NASDAQ:CASS,"Cass Information Systems, Inc.",,,,,,707,55,0,707,5,36447,35987,38334,37556,214,9,44,21,1.9,3.3,81.7,16.1,2.6,-1.3,6.5,6.5,6.5,19.6
NASDAQ:NYAX,Nayax Ltd.,,,,,,2010,53,54,2065,4,6449,8289,10174,9550,593,291,59,na,21.6,3.5,7.1,34.3,na,28.5,22.7,23.1,22.9,73.0
ENXTPA:WLN,Worldline SA,,,,,,876,15,2176,3052,17,na,na,na,na,4320,2852,241,na,na,0.7,1.1,3.6,na,-6.9,-1.0,2.0,0.5,20.7
TSE:4819,"Digital Garage, Inc.",,,,,,650,14,-416,235,3,60369,74736,83430,80548,287,179,0,na,0.3,0.8,1.3,3291.8,na,23.8,11.6,3.0,7.2,nm
TSE:4477,"BASE,Inc.",,,,,,263,2,-133,129,1,2877,3831,4303,4146,187,97,240,na,3.1,0.7,1.3,1.1,na,33.1,12.3,12.6,12.4,437.1
NSEI:ZAGGLE,Zaggle Prepaid Ocean Services Limited,,,,,,261,2,-52,210,2,na,na,na,na,294,127,19,na,na,0.7,1.6,13.7,na,31.4,31.4,28.1,29.7,47.0
CASE:FWRY,Fawry for Banking Technology and Electronic Payments,,,,,,1270,0,-124,1147,3,19171,26425,34881,32078,285,202,86,na,3.6,4.0,5.7,14.7,na,37.8,32.0,31.0,31.5,38.3
LSE:PAY,PayPoint plc,,,,,,526,9,38,564,2,8630,6122,5427,5657,286,122,64,na,10.0,2.0,4.6,8.2,na,-29.1,-11.4,3.5,-4.2,6.6
NYSE:V,Visa Inc.,,,,,,684075,373,10066,694141,37,14200000,16110241,17859663,17279718,50426,38085,27677,na,4.0,13.8,18.2,24.7,na,13.5,10.9,11.0,10.9,10.5
NYSE:MA,Mastercard Incorporated,,,,,,509049,581,12604,521653,39,10632000,12081825,13607400,13101661,40408,24452,19028,na,4.0,12.9,21.3,26.8,na,13.6,12.6,12.1,12.4,12.5
NYSE:AXP,American Express Company,,,,,,218929,324,0,218929,25,1897000,2251978,2457812,2389576,84363,6684,12800,56,9.2,2.6,32.8,17.1,5.8,18.7,9.1,8.5,8.8,10.9
NASDAQ:PYPL,"PayPal Holdings, Inc.",,,,,,44826,52,2772,47598,41,1793979,1877694,1957602,1931115,35708,15790,4668,na,2.5,1.3,3.0,9.6,na,4.7,4.3,4.6,4.4,-1.5
NYSE:XYZ,"Block, Inc.",,,,,,46790,78,397,47187,33,259631,279658,310902,300544,28006,13578,2913,na,15.7,1.7,3.5,16.1,na,7.7,11.2,11.4,11.3,27.2
NYSE:FIS,Fidelity National Information Services,,,,,,21056,41,20502,41558,27,na,na,na,na,14060,5256,3368,na,na,3.0,7.9,6.3,na,28.0,4.4,4.0,4.2,7.9
NASDAQ:FISV,"Fiserv, Inc.",,,,,,27476,52,26398,53874,28,4600000,4250331,4409522,4356749,20072,11786,4051,na,1.2,2.7,4.6,6.8,na,-7.6,3.7,3.3,3.5,7.6
NYSE:GPN,Global Payments Inc.,,,,,,23832,90,19006,42837,32,na,na,na,na,12785,10468,3868,na,na,3.4,4.1,6.2,na,60.2,5.3,4.8,5.1,8.7
NYSE:WU,The Western Union Company,,,,,,2202,7,1777,3979,17,107400,109447,115543,113522,4282,1465,453,na,3.5,0.9,2.7,4.9,na,1.9,5.6,2.8,4.2,17.0
NYSE:FOUR,"Shift4 Payments, Inc.",,,,,,3244,41,4334,7578,13,209000,255617,291794,279801,5596,3906,523,na,2.7,1.4,1.9,6.2,na,22.3,14.2,12.7,13.4,16.8
NYSE:TOST,"Toast, Inc.",,,,,,19415,34,-1713,17702,28,195100,236865,280419,265981,8388,2362,954,na,6.7,2.1,7.5,20.4,na,21.4,18.4,17.3,17.9,24.1
NASDAQ:DLO,DLocal Limited,,,,,,4352,15,-807,3546,8,40816,59389,76794,71024,1903,613,315,na,5.0,1.9,5.8,13.8,na,45.5,29.3,23.2,26.2,37.2
NASDAQ:FLYW,Flywire Corporation,,,,,,2213,18,-293,1920,13,37554,45900,52988,50638,840,493,153,na,3.8,2.3,3.9,14.5,na,22.2,15.4,15.6,15.5,25.6
NYSE:EVTC,"EVERTEC, Inc.",,,,,,1742,29,1124,2866,6,na,na,na,na,1150,604,261,na,na,2.5,4.7,6.7,na,16.9,8.3,7.2,7.7,8.8
NASDAQ:EEFT,"Euronet Worldwide, Inc.",,,,,,2549,68,638,3187,8,77600,81766,85479,84244,4608,1906,441,na,3.8,0.7,1.7,5.8,na,5.4,4.5,0.5,2.5,8.1
NYSE:CPAY,"Corpay, Inc.",,,,,,26580,405,7919,34498,16,258452,303398,329870,321094,5626,4458,1936,na,10.7,6.1,7.7,13.7,na,17.4,8.7,8.6,8.7,10.1
NYSE:PSFE,Paysafe Limited,,,,,,325,6,2321,2645,4,167000,178036,188034,184720,1882,1055,126,na,1.4,1.4,2.5,2.6,na,6.6,5.6,5.2,5.4,19.0
NASDAQ:PAYO,Payoneer Global Inc.,,,,,,2406,7,-260,2146,7,87503,93217,102840,99650,1199,1023,139,na,2.2,1.8,2.1,17.3,na,6.5,10.3,12.1,11.2,59.5
NASDAQ:RELY,"Remitly Global, Inc.",,,,,,5442,26,-638,4804,10,74912,91015,108690,102831,2245,1508,410,na,4.7,2.1,3.2,13.3,na,21.5,19.4,19.1,19.2,-8.4
NASDAQ:AFRM,"Affirm Holdings, Inc.",,,,,,23599,70,8321,31920,32,50200,65388,82582,76882,5732,2802,1690,na,41.5,5.6,11.4,14.0,na,30.3,26.3,24.4,25.3,-1.0
NASDAQ:SOFI,"SoFi Technologies, Inc.",,,,,,22021,17,0,22021,22,na,na,na,na,5735,338,1027,10,na,3.8,65.1,21.4,1.8,36.4,26.0,20.8,23.3,39.1
NASDAQ:UPST,"Upstart Holdings, Inc.",,,,,,2665,27,1600,4265,13,na,na,na,na,1712,1412,339,na,na,2.5,3.0,7.9,na,31.8,31.1,25.5,28.3,59.5
NASDAQ:MQ,"Marqeta, Inc.",,,,,,1683,16,-694,989,13,382513,430959,494114,473178,773,533,38,na,0.2,1.3,1.9,44.0,na,12.7,14.7,14.0,14.3,77.8
NASDAQGS:HAPN,"Happen, Inc.",,,,,,1935,17,0,1935,8,BROKEN,na,na,na,1195,73,257,16,na,1.6,26.7,7.5,1.1,-19.6,17.0,15.6,16.3,26.9
NYSE:ENVA,"Enova International, Inc.",,,,,,5506,221,0,5506,7,na,na,na,na,4313,2542,496,88,na,1.3,2.2,11.1,2.5,158.8,17.6,17.6,17.6,16.0
NASDAQ:COIN,"Coinbase Global, Inc.",,,,,,46652,177,-2121,44531,30,1221000,939333,1199638,1113345,6277,5210,315,na,4.0,7.1,8.5,148.1,na,-23.1,27.7,11.6,19.4,nm
NASDAQ:HOOD,"Robinhood Markets, Inc.",,,,,,93064,104,-919,92145,24,na,na,na,na,6084,5815,2506,na,na,15.1,15.8,37.1,na,15.7,26.2,15.5,20.8,24.5
NYSE:BLSH,Bullish,,,,,,5013,33,250,5264,10,244415,368142,418299,401672,390,390,97,na,1.3,13.5,13.5,51.5,na,50.6,13.6,7.9,10.7,53.2
NASDAQ:KLAR,Klarna Group plc,,,,,,5403,14,0,5403,19,127862,150984,174717,166849,4579,1863,218,8,3.2,1.2,2.9,24.8,1.9,18.1,15.7,15.6,15.6,nm
NASDAQ:CHYM,"Chime Financial, Inc.",,,,,,11986,32,-980,11006,20,133680,167577,201316,190131,3110,2779,HIDDEN,na,5.8,3.5,4.0,nm,na,25.4,20.1,17.4,18.8,nm
NASDAQ:JKHY,Jack Henry & Associates Inc.,,,,,,11786,168,66,11852,15,na,na,na,na,2729,1193,522,na,na,4.3,9.9,22.6,na,6.4,6.3,6.7,6.5,4.6
NASDAQ:DFIN,Donnelley Financial Solutions Inc.,,,,,,1184,48,186,1370,3,na,na,na,na,800,505,131,na,na,1.7,2.7,9.0,na,1.8,3.6,1.0,2.3,10.2
NASDAQ:SSNC,SS&C Technologies Holdings Inc.,,,,,,19221,82,7103,26324,11,na,na,na,na,6988,4101,1801,na,na,3.8,6.4,10.7,na,7.9,4.8,4.3,4.6,7.4
NYSE:BR,Broadridge Financial Solutions Inc.,,,,,,20568,180,3117,23685,10,na,na,na,na,7922,2554,1231,na,na,3.0,9.3,16.7,na,6.7,5.0,5.2,5.1,8.8
NYSE:SPGI,S&P Global Inc.,,,,,,129763,440,16140,145903,22,na,na,na,na,15303,11128,5532,na,na,9.5,13.1,23.5,na,-4.6,6.9,7.1,7.0,7.9
NYSE:MCO,Moody's Corporation,,,,,,85674,495,5782,91456,24,na,na,na,na,8690,6642,3145,na,na,10.5,13.8,27.2,na,7.4,7.3,7.7,7.5,9.3
NYSE:MSCI,MSCI Inc.,,,,,,40937,563,6192,47128,16,na,na,na,na,3720,3084,1557,na,na,12.7,15.3,26.3,na,12.2,8.7,8.2,8.5,12.2
NYSE:FDS,FactSet Research Systems Inc.,,,,,,10863,305,1266,12130,17,na,na,na,na,2618,1352,693,na,na,4.6,9.0,15.7,na,6.2,5.9,5.7,5.8,5.9
NASDAQ:MORN,"Morningstar, Inc.",,,,,,7873,210,1381,9254,3,na,na,na,na,2750,1679,503,na,na,3.4,5.5,15.6,na,8.3,5.7,6.0,5.9,10.3
NYSE:ICE,Intercontinental Exchange Inc.,,,,,,89599,160,19062,108661,12,na,na,na,na,11408,11408,4771,na,na,9.5,9.5,18.8,na,10.9,5.3,6.7,6.0,6.0
NASDAQ:CME,CME Group Inc.,,,,,,103001,286,1593,104594,14,na,na,na,na,7256,7256,4554,na,na,14.4,14.4,22.6,na,8.2,4.6,6.0,5.3,4.3
CBOE:CBOE,"Cboe Global Markets, Inc.",,,,,,32125,0,-776,31349,15,na,na,na,na,2940,1515,1529,na,na,10.7,20.7,21.0,na,-39.1,3.7,4.6,4.1,5.4
NASDAQ:NDAQ,"Nasdaq, Inc.",,,,,,54523,98,8208,62731,15,na,na,na,na,6236,6236,2514,na,na,10.1,10.1,21.7,na,12.6,8.2,8.5,8.3,10.8
NASDAQ:MKTX,MarketAxess Holdings Inc.,,,,,,5724,163,-153,5571,13,na,na,na,na,935,580,298,na,na,6.0,9.6,19.2,na,5.7,6.8,7.2,7.0,8.7
NASDAQ:TW,Tradeweb Markets Inc.,,,,,,22513,107,-1231,21281,15,na,na,na,na,2527,2369,1042,na,na,8.4,9.0,21.6,na,14.5,11.4,9.9,10.6,12.8
ENXTAM:ADYEN,Adyen N.V.,,,,,,36844,1167,-13703,23141,36,1576071,1904702,2308560,2174678,3801,2588,1626,na,1.1,6.1,8.9,22.7,na,20.9,21.2,19.9,20.5,21.6
LSE:WISE,Wise Group plc,,,,,,13300,13,-4902,8398,16,243500,290127,342769,325318,3209,2586,622,na,2.6,2.6,3.2,21.4,na,19.1,18.1,17.9,18.0,15.8
BIT:NEXI,Nexi S.p.A.,,,,,,5815,5,4589,10404,17,982741,571262,583907,579715,4290,0,926,na,1.8,2.4,na,6.3,na,-41.9,2.2,3.2,2.7,2.6
AIM:BOKU,"Boku, Inc.",,,,,,444,2,-241,203,9,15700,16570,19275,18378,151,149,29,na,1.1,1.3,1.4,15.2,na,5.5,16.3,11.7,14.0,15.2
LSE:CABP,CAB Payments Holdings plc,,,,,,286,1,-685,-399,4,55251,80165,86113,84141,177,-15,30,na,-0.5,-2.3,26.3,9.4,na,45.1,7.4,14.3,10.8,20.8
LSE:LSEG,London Stock Exchange Group plc,,,,,,57815,120,15473,73288,6,na,na,na,na,13944,12533,3379,na,na,5.3,5.8,17.1,na,5.6,6.6,7.1,6.9,9.7
XTRA:DB1,Deutsche Boerse AG,,,,,,59316,329,5330,64645,0,na,na,na,na,7792,6326,2773,na,na,8.3,10.2,21.4,na,-11.4,4.2,6.7,5.4,7.0
ENXTPA:ENX,Euronext N.V.,,,,,,18956,187,2080,21036,17,na,na,na,na,2488,2488,1029,na,na,8.5,8.5,18.4,na,14.2,5.0,6.2,5.6,6.3
NASDAQ:MELI,"MercadoLibre, Inc. SECOND ROW: volume here is TPV not GMV",,,,,,99543,1963,7462,107005,20,277823,400912,512766,475686,49470,21130,2549,na,22.5,2.2,5.1,39.0,na,44.3,27.9,24.7,26.3,43.3
NYSE:NU,Nu Holdings Ltd.,,,,,,69852,14,0,69852,20,141800,464636,560919,529000,26081,11386,5128,4,13.2,2.7,6.1,13.6,3.8,227.7,20.7,25.8,23.3,29.5
NASDAQ:STNE,StoneCo Ltd.,,,,,,2228,10,1686,3914,10,100435,112004,118265,116190,3012,1681,529,na,3.4,1.3,2.3,4.2,na,11.5,5.6,4.8,5.2,4.5
NYSE:PAGS,PagSeguro Digital Ltd.,,,,,,2519,9,75,2594,4,94992,101926,108181,106108,4285,1833,511,na,2.4,0.6,1.4,4.9,na,7.3,6.1,1.1,3.6,8.9
NASDAQ:XP,XP Inc.,,,,,,9500,19,-25402,-15902,8,na,na,na,na,4194,2858,1167,na,na,-3.8,nm,8.1,na,12.9,11.4,12.3,11.8,10.8
NASDAQ:INTR,"Inter & Co, Inc.",,,,,,2468,6,0,2468,6,na,na,na,na,2372,220,398,5,na,1.0,11.2,6.2,1.0,79.0,20.9,16.9,18.9,26.7
BOVESPA:B3SA3,"B3 S.A. - Brasil, Bolsa, Balcao",,,,,,16140,3,-45,16095,11,na,na,na,na,2303,2200,1214,na,na,7.0,7.3,13.3,na,11.1,9.0,7.9,8.5,9.5
BMV:BOLSA A,Bolsa Mexicana de Valores S.A.B. de C.V.,,,,,,1239,2,-159,1080,8,na,na,na,na,296,151,105,na,na,3.7,7.2,11.7,na,13.0,6.9,5.2,6.1,7.6
BASE:BYMA,Bolsas y Mercados Argentinos S.A.,,,,,,1327,0,-1099,228,1,na,na,na,na,346,260,262,na,na,0.7,0.9,5.1,na,62.5,37.9,34.2,36.0,34.8
NSEI:PAYTM,One97 Communications Limited,,,,,,11021,17,-1525,9497,19,269553,336725,420177,392512,1236,795,168,na,2.4,7.7,11.9,65.5,na,24.9,24.8,20.6,22.7,77.5
NSEI:MOBIKWIK,One MobiKwik Systems Limited,,,,,,156,2,-65,91,1,20625,23140,28822,26939,156,67,5,na,0.3,0.6,1.4,29.5,na,12.2,24.6,26.4,25.5,381.7
NSEI:IEX,Indian Energy Exchange Limited,,,,,,1117,1,-190,927,8,na,na,na,na,73,73,58,na,na,12.7,12.7,19.3,na,-3.2,-1.9,-2.0,-1.9,6.0
NSEI:MCX,Multi Commodity Exchange of India Limited,,,,,,8874,35,-414,8461,14,na,na,na,na,333,303,190,na,na,25.4,27.9,46.6,na,32.7,19.0,15.2,17.1,20.0
NSEI:BSE,BSE Limited,,,,,,13933,34,-569,13364,17,na,na,na,na,719,715,357,na,na,18.6,18.7,39.0,na,32.0,16.8,12.2,14.4,18.1
NSEI:CRISIL,CRISIL Limited,,,,,,3721,51,-62,3660,4,na,na,na,na,509,238,110,na,na,7.2,15.4,33.8,na,22.1,12.5,11.8,12.1,17.6
SEHK:388,Hong Kong Exchanges and Clearing Limited,,,,,,65386,52,-21333,44053,18,na,na,na,na,4172,4023,2591,na,na,10.6,11.0,25.2,na,12.0,1.8,6.0,3.9,-0.1
SEHK:6060,ZhongAn Online P & C Insurance Co. Ltd.,,,,,,2452,1,0,2452,11,na,na,na,na,5688,687,252,3,na,0.4,3.6,9.7,0.6,1.4,9.6,10.5,10.0,-21.2
TSE:8697,"Japan Exchange Group, Inc.",,,,,,14126,14,-138,13988,5,na,na,na,na,1498,1498,723,na,na,9.3,9.3,19.5,na,21.4,6.3,4.2,5.2,29.5
TSE:3769,"GMO Payment Gateway, Inc.",,,,,,4393,58,-950,3443,12,146082,168720,197046,187656,687,455,184,na,1.8,5.0,7.6,23.8,na,15.5,16.8,16.8,16.8,16.7
ASX:ASX,ASX Limited,,,,,,7767,40,-3035,4732,12,na,na,na,na,959,887,365,na,na,4.9,5.3,21.3,na,8.9,5.2,5.1,5.2,3.3
ASX:IRE,Iress Limited,,,,,,737,4,87,824,8,na,na,na,na,368,242,64,na,na,2.2,3.4,11.6,na,-11.0,3.0,3.6,3.3,8.9
ASX:HUB,HUB24 Limited,,,,,,4303,53,0,4303,12,na,na,na,na,422,419,112,na,na,10.2,10.3,38.4,na,19.0,15.2,13.9,14.6,22.1
ASX:NWL,Netwealth Group Limited,,,,,,3638,15,-72,3567,17,na,na,na,na,332,30,99,na,na,10.7,nm,36.6,na,17.7,15.8,15.8,15.8,53.8
ASX:TYR,Tyro Payments Limited,,,,,,274,1,-69,205,7,30027,30603,31464,31179,362,173,18,na,0.7,0.6,1.2,15.3,na,1.9,2.8,2.7,2.8,13.4
ASX:ZIP,Zip Co Limited,,,,,,2336,2,1763,4098,11,11331,13906,16576,15691,1193,657,132,na,26.1,3.4,6.2,17.7,na,22.7,19.2,15.4,17.3,38.3
ASX:EML,EML Payments Limited,,,,,,72,0,36,108,4,15674,15215,15925,15690,156,105,3,na,0.7,0.7,1.0,23.5,na,-2.9,4.7,3.9,4.3,nm
JSE:JSE,JSE Limited,,,,,,785,10,-130,654,1,na,na,na,na,236,236,72,na,na,2.8,2.8,10.9,na,5.6,7.6,4.3,6.0,9.8
CBSE:HPS,Hightech Payment Systems S.A.,,,,,,515,70,13,529,1,na,na,na,na,200,87,23,na,na,2.6,6.1,22.8,na,11.2,15.8,2.7,9.1,26.1
TSE:6178,Japan Post Holdings Co. Ltd.,,,,,,43627,16,0,43627,6,na,na,na,na,74272,0,2376,22,na,0.6,na,18.4,0.7,2.5,3.7,13.4,8.4,1.1
NSEI:SNOWMAN,Snowman Logistics Limited,,,,,,65,0,32,96,1,na,BROKEN,BROKEN,na,BROKEN,BROKEN,0,na,na,na,na,376.4,na,BROKEN,BROKEN,BROKEN,BROKEN,-42.0
IBSE:RYSAS,Reysas Tasimacilik ve Lojistik Ticaret A.S.,,,,,,1244,1,296,1540,1,na,BROKEN,BROKEN,na,BROKEN,BROKEN,82,na,na,na,na,15.1,na,BROKEN,BROKEN,BROKEN,BROKEN,20.9
NYSE:OMF,"OneMain Holdings, Inc.",,,,,,7030,61,0,7030,9,na,na,na,na,5529,5161,915,33,na,1.3,1.4,7.7,1.9,77.1,7.5,8.4,7.9,17.5
NASDAQGS:CACC,Credit Acceptance Corporation,,,,,,6168,594,0,6168,3,BROKEN,na,na,na,2239,2109,563,na,na,2.8,2.9,11.0,na,72.6,7.1,7.1,7.1,14.2
NASDAQ:OPRT,Oportun Financial Corporation,,,,,,328,7,0,328,4,na,na,na,na,980,933,94,10,na,0.3,0.4,3.5,0.7,30.5,5.3,9.2,7.2,29.1
NASDAQ:ATLC,Atlanticus Holdings Corporation,,,,,,1354,89,0,1354,3,na,na,na,na,3257,2316,230,51,na,0.4,0.6,5.9,1.7,438.8,12.7,21.7,17.1,39.6
NYSE:PFSI,PennyMac Financial Services Inc.,,,,,,3677,71,0,3677,5,na,na,na,na,2614,2331,503,94,na,1.4,1.6,7.3,0.8,-36.1,27.1,-2.5,11.3,42.6
NYSE:TFIN,"Triumph Financial, Inc.",,,,,,1661,70,0,1661,5,na,na,na,na,508,32,68,42,na,3.3,52.4,24.5,1.7,9.0,10.5,10.5,10.5,56.3
LSE:SUS,S&U plc,,,,,,329,27,0,329,4,na,na,na,na,181,113,39,30,na,1.8,2.9,8.4,0.9,50.8,20.3,11.6,15.8,15.2
LSE:CBG,Close Brothers Group plc,,,,,,837,6,0,837,6,na,na,na,na,904,54,139,14,na,0.9,15.6,6.0,0.4,-2.3,4.3,7.5,5.9,45.9
LSE:PAG,Paragon Banking Group PLC,,,,,,1996,11,0,1996,8,na,na,na,na,708,21,296,12,na,2.8,95.2,6.7,0.9,1.5,2.3,3.2,2.8,4.7
LSE:OSB,OSB Group Plc,,,,,,2374,7,0,2374,10,na,na,na,na,937,21,369,10,na,2.5,nm,6.4,0.7,2.8,4.3,8.3,6.3,5.0
LSE:FCH,Funding Circle Holdings plc,,,,,,859,3,-1,858,6,na,na,na,na,373,76,55,na,na,2.3,11.3,15.5,na,26.7,9.7,11.7,10.7,33.5
XTRA:GLJ,Grenke AG,,,,,,586,13,0,586,4,na,na,na,na,993,50,81,33,na,0.6,11.7,7.2,0.4,24.7,6.0,5.9,6.0,16.9
XTRA:MULT,Multitude AG,,,,,,146,7,0,146,4,na,na,na,na,289,176,37,12,na,0.5,0.8,3.9,0.6,85.4,3.7,5.7,4.7,16.6
BIT:IF,Banca IFIS S.p.A.,,,,,,1056,17,0,1056,3,na,na,na,na,934,26,110,41,na,1.1,40.2,9.6,0.4,16.7,2.0,3.3,2.7,315.7
BIT:BFF,BFF Bank S.p.A.,,,,,,677,4,0,677,3,na,na,na,na,456,9,150,6,na,1.5,74.3,4.5,0.6,19.1,-11.3,2.6,-4.6,-2.3
SWX:CMBN,Cembra Money Bank AG,,,,,,3205,110,0,3205,3,na,na,na,na,688,37,257,61,na,4.7,85.8,12.5,1.8,17.8,1.6,2.1,1.9,2.3
OM:AVARDA,Avarda Bank AB (publ),,,,,,1415,22,0,1415,2,1733,3370,4099,3858,442,58,100,6,36.7,3.2,24.4,14.2,3.4,94.5,21.6,17.9,19.7,21.8
WSE:KRU,KRUK Spolka Akcyjna,,,,,,2064,106,0,2064,4,na,na,na,na,968,720,338,91,na,2.1,2.9,6.1,1.2,31.5,12.3,10.6,11.4,15.2
TSE:547A,Muninova Holdings Inc.,,,,,,1338,3,0,1338,5,na,na,na,na,1515,1359,222,4,na,0.9,1.0,6.0,0.8,10.3,8.4,7.7,8.0,20.5
TSE:8253,"Credit Saison Co., Ltd.",,,,,,4254,30,0,4254,6,41038,39831,41029,40631,3295,2172,348,37,10.5,1.3,2.0,12.2,0.8,-2.9,3.0,6.9,4.9,-7.0
TSE:8439,Tokyo Century Corporation,,,,,,8418,17,0,8418,7,na,na,na,na,9395,2120,1029,16,na,0.9,4.0,8.2,1.1,2.8,2.9,6.4,4.6,30.5
NYSE:LU,Lufax Holding Ltd,,,,,,1049,1,0,1049,3,na,na,na,na,3749,2152,170,15,na,0.3,0.5,6.2,0.1,-15.2,-1.3,4.2,1.4,0.1
NASDAQ:QFIN,"Qifu Holdings, Inc.",,,,,,1019,8,0,1019,7,na,na,na,na,1846,1212,393,32,na,0.6,0.8,2.6,0.3,-31.7,-8.1,1.6,-3.4,26.3
SEHK:3360,Far East Horizon Limited,,,,,,4369,1,0,4369,7,na,na,na,na,5537,292,622,2,na,0.8,15.0,7.0,0.5,7.5,3.9,3.9,3.9,6.1
NSEI:BAJFINANCE,Bajaj Finance Limited,,,,,,69047,11,0,69047,27,na,na,na,na,7380,1003,2960,3,na,9.4,68.9,23.3,4.4,40.9,26.6,22.4,24.5,24.6
NSEI:SHRIRAMFIN,Shriram Finance Limited,,,,,,26272,11,0,26272,0,na,na,na,na,3794,530,1577,5,na,6.9,49.6,16.7,2.1,54.3,25.3,16.8,21.0,23.2
NSEI:CHOLAFIN,Cholamandalam Investment and Finance Company,,,,,,16319,19,0,16319,5,na,na,na,na,2360,274,783,5,na,6.9,59.6,20.8,3.8,50.4,27.2,20.3,23.7,24.4
NSEI:FIVESTAR,Five-Star Business Finance Limited,,,,,,1674,6,0,1674,5,na,na,na,na,324,73,140,3,na,5.2,22.8,12.0,1.7,21.6,20.4,17.3,18.9,18.5
ASX:LFS,Latitude Group Holdings Limited,,,,,,696,1,0,696,1,na,na,na,na,654,654,88,1,na,1.1,1.1,7.9,0.8,65.5,3.6,3.6,3.6,-4.5
ASX:HUM,Humm Group Limited,,,,,,152,0,0,152,1,2534,4166,5949,5358,404,43,26,1,2.8,0.4,3.5,5.8,1.5,64.4,42.8,2.0,20.7,56.3
ASX:JDO,Judo Capital Holdings Limited,,,,,,870,1,0,870,12,na,na,na,na,423,12,112,1,na,2.1,72.0,7.8,0.6,33.5,26.4,11.7,18.8,31.3
ASX:PPM,Pepper Money Limited,,,,,,612,1,0,612,2,na,na,na,na,342,7,83,2,na,1.8,88.4,7.4,0.9,17.8,3.4,8.0,5.7,9.7
BOVESPA:BMGB4,Banco BMG S.A.,,,,,,693,1,0,693,1,na,na,na,na,1142,0,118,1,na,0.6,na,5.9,0.7,167.3,5.0,6.0,5.5,6.7
NYSE:AMN,"AMN Healthcare Services, Inc.",,,,,,1299,34,414,1713,8,na,na,na,na,2892,790,69,na,na,0.6,2.2,18.9,na,22.8,-20.5,3.8,-9.2,-70.7
NASDAQ:CPRT,"Copart, Inc. DUPLICATE OF NASDAQGS:CPRT",,,,,,30056,32,-4089,25967,12,na,na,na,na,4901,2228,1579,na,na,5.3,11.7,19.0,na,1.5,5.8,8.0,6.9,4.8
NASDAQ:XMTR,"Xometry, Inc. DUPLICATE OF NASDAQGS:XMTR",,,,,,5225,91,-180,5045,11,na,na,na,na,1050,406,71,na,na,4.8,12.4,73.1,na,33.7,21.5,20.1,20.8,88.6
LSE:RWA,Robert Walters plc,,,,,,123,2,56,178,2,na,na,na,na,986,346,-13,na,na,0.2,0.5,nm,na,-9.7,5.0,6.0,5.5,nm
NASDAQ:WW,"WW International, Inc.",,,,,,163,16,325,487,2,na,na,na,na,640,454,-3,na,na,0.8,1.1,nm,na,-11.1,1.8,-2.5,-0.3,nm
NASDAQ:LFMD,"LifeMD, Inc.",,,,,,149,3,-19,130,8,na,na,na,na,233,205,6,na,na,0.6,0.6,25.9,na,7.0,18.1,14.4,16.2,nm
NYSE:NRDY,Nerdy Inc.,,,,,,83,10,-8,75,2,na,na,na,na,175,116,-2,na,na,0.4,0.6,nm,na,-4.3,3.4,3.4,3.4,nm
AIM:WINE,Naked Wines plc,,,,,,61,1,-38,23,1,na,na,na,na,220,80,-14,na,na,0.1,0.3,nm,na,-18.3,-9.2,-5.7,-7.5,nm
ENXTPA:DEEZR,Deezer S.A.,,,,,,180,2,-87,93,4,na,na,na,na,661,170,12,na,na,0.1,0.5,14.6,na,1.2,8.1,8.3,8.2,46.9
OM:VPLAY B,Viaplay Group AB (publ),,,,,,620,0,563,1184,1,na,na,na,na,2244,307,3,na,na,0.5,3.9,212.1,na,22.2,-0.6,-0.8,-0.7,nm
NASDAQ:CASH,"Pathward Financial, Inc.",,,,,,1669,80,0,1669,3,na,na,na,na,862,47,191,47,na,1.9,35.3,8.7,1.7,5.1,5.7,5.7,5.7,13.0
NYSE:PAY,"Paymentus Holdings, Inc.",,,,,,4424,35,-367,4057,6,na,na,na,na,1620,400,128,na,na,2.5,10.1,34.5,na,21.2,17.5,18.0,17.8,23.5
NASDAQ:WAY,Waystar Holding Corp.,,,,,,4939,26,1288,6228,23,na,na,na,na,1378,952,356,na,na,4.5,6.5,13.9,na,17.0,10.7,11.9,11.3,13.2
NYSE:NATL,NCR Atleos Corporation,,,,,,3420,46,2514,5934,2,na,na,na,na,4594,1265,395,na,na,1.3,4.7,8.7,na,2.7,4.1,5.3,4.7,14.8
NYSE:DBD,"Diebold Nixdorf, Incorporated",,,,,,2263,67,849,3111,3,na,na,na,na,3985,1064,226,na,na,0.8,2.9,10.0,na,2.6,3.1,3.1,3.1,30.3
NYSE:COF,Capital One Financial Corporation,,,,,,129654,211,0,129654,19,828467,1617254,1713572,1681642,66536,5504,13213,194,7.7,1.9,23.6,9.8,1.1,95.2,6.0,5.8,5.9,8.8
NYSE:ALLY,Ally Financial Inc.,,,,,,12605,42,0,12605,15,na,na,na,na,9436,351,1811,50,na,1.3,35.9,7.0,0.8,22.8,6.3,3.3,4.8,18.1
NYSE:RM,Regional Management Corp.,,,,,,294,32,0,294,3,na,na,na,na,719,436,52,46,na,0.4,0.7,5.6,0.7,10.4,6.4,6.4,6.4,14.9
NASDAQGS:WRLD,World Acceptance Corporation,,,,,,816,180,0,816,1,BROKEN,na,na,na,632,428,59,84,na,1.3,1.9,13.7,2.1,4.6,6.3,6.8,6.6,18.7
NYSE:OPFI,OppFi Inc.,,,,,,585,7,0,585,4,na,na,na,na,674,674,154,5,na,0.9,0.9,3.8,1.3,78.9,15.2,32.2,23.4,40.3
NASDAQ:DAVE,Dave Inc.,,,,,,4345,341,14,4359,12,na,na,na,na,837,614,287,na,na,5.2,7.1,15.1,na,31.7,21.9,27.2,24.6,28.6
NASDAQ:MFIN,Medallion Financial Corp.,,,,,,265,12,0,265,4,na,na,na,na,251,20,35,19,na,1.1,13.4,7.6,0.6,-33.4,10.1,10.1,10.1,39.7
NASDAQ:SLM,SLM Corporation,,,,,,4843,26,0,4843,6,na,na,na,na,1434,73,597,13,na,3.4,66.3,8.1,1.9,-14.2,1.8,3.6,2.7,-0.2
NASDAQ:NAVI,Navient Corporation,,,,,,870,9,0,870,4,na,na,na,na,566,566,81,28,na,1.5,1.5,10.7,0.3,58.3,12.5,8.8,10.6,6.4
NYSE:SYF,Synchrony Financial,,,,,,24930,77,0,24930,15,182300,283717,298667,293711,15718,2446,3081,52,8.5,1.6,10.2,8.1,1.5,55.6,5.3,4.8,5.0,-1.3
NYSE:BFH,"Bread Financial Holdings, Inc.",,,,,,3921,102,0,3921,14,27777,42645,44298,43750,4100,764,494,94,9.0,1.0,5.1,7.9,1.1,53.5,3.9,4.1,4.0,-0.3
NASDAQ:EZPW,"EZCORP, Inc.",,,,,,1954,32,0,1954,7,na,na,na,na,1812,943,178,17,na,1.1,2.1,11.0,1.9,24.6,8.8,7.0,7.9,7.7
NASDAQ:UPBD,"Upbound Group, Inc.",,,,,,1074,18,1603,2677,7,2010,2026,2110,2082,4863,2400,261,na,128.6,0.6,1.1,4.1,na,0.8,4.2,5.5,4.8,9.9
NASDAQ:ECPG,"Encore Capital Group, Inc.",,,,,,1973,93,0,1973,4,na,na,na,na,1928,1928,317,69,na,1.0,1.0,6.2,1.4,8.0,1.4,1.4,1.4,0.2
NASDAQ:PRAA,"PRA Group, Inc.",,,,,,690,18,0,690,3,na,na,na,na,1263,1263,-3373,29,na,0.5,0.5,nm,0.6,8.5,-4.7,-4.7,-4.7,nm
NASDAQ:JCAP,"Jefferson Capital, Inc.",,,,,,1187,21,0,1187,6,na,na,na,na,734,573,188,9,na,1.6,2.1,6.3,2.2,17.5,4.2,4.2,4.2,2.6
NYSE:GATX,GATX Corporation,,,,,,6127,174,11805,17932,3,na,na,na,na,2402,1772,398,na,na,7.5,10.1,15.4,na,35.1,3.3,2.1,2.7,10.0
NYSE:RKT,"Rocket Companies, Inc.",,,,,,36896,13,0,36896,12,na,na,na,na,11719,11719,2188,9,na,3.1,3.1,16.9,1.5,54.8,10.5,5.5,8.0,40.0
NYSE:UWMC,UWM Holdings Corporation,,,,,,469,1,0,469,4,na,na,na,na,2746,2746,478,1,na,0.2,0.2,1.0,1.5,-32.0,25.1,8.3,16.4,nm
NYSE:ONIT,Onity Group Inc.,,,,,,281,34,0,281,3,na,na,na,na,1123,1061,62,81,na,0.3,0.3,4.5,0.4,-2.5,11.8,5.3,8.5,69.6
NYSE:VEL,"Velocity Financial, Inc.",,,,,,708,18,0,708,1,na,na,na,na,229,8,116,22,na,3.1,85.2,6.1,0.8,-9.1,17.5,15.1,16.3,6.1
NYSE:WD,"Walker & Dunlop, Inc.",,,,,,1382,40,0,1382,3,na,na,na,na,1415,1415,129,52,na,1.0,1.0,10.7,0.8,12.9,12.0,7.2,9.6,130.5
NYSE:AX,"Axos Financial, Inc.",,,,,,5372,95,0,5372,6,na,na,na,na,1639,64,571,67,na,3.3,84.5,9.4,1.4,16.2,13.9,10.9,12.4,13.2
NASDAQ:TBBK,"The Bancorp, Inc.",,,,,,2625,64,0,2625,3,na,na,na,na,361,14,290,20,na,7.3,nm,9.1,3.2,-31.5,0.2,0.2,0.2,25.1
NASDAQ:NEWT,"NewtekOne, Inc.",,,,,,337,12,0,337,3,na,na,na,na,331,10,60,15,na,1.0,34.5,5.7,0.8,-20.3,12.1,0.1,5.9,17.9
NYSE:LOB,"Live Oak Bancshares, Inc.",,,,,,1789,39,0,1789,3,na,na,na,na,705,24,174,31,na,2.5,75.7,10.3,1.3,33.1,15.2,15.2,15.2,36.5
NASDAQ:MBIN,Merchants Bancorp,,,,,,2377,52,0,2377,3,na,na,na,na,753,22,281,50,na,3.2,nm,8.5,1.0,28.3,6.1,5.6,5.8,9.7
NASDAQ:CCB,Coastal Financial Corporation,,,,,,721,47,0,721,2,na,na,na,na,707,52,70,36,na,1.0,13.8,10.3,1.3,80.1,18.7,18.7,18.7,230.6
