# RAW. Listed fintech, payments, exchanges and market-data market data. S&P Capital IQ Pro screen,
# currency USD, as supplied by Daniil on 30-Aug-2026. 85 names, rows 9 to 93 of his sheet.
# DO NOT EDIT THIS FILE. Derived working copies live in data/peers-fintech.csv.
#
# Same two conventions as the software pull of the same date:
#   revenue_growth_cagr_cy0_cy2_pct is the CY+0 to CY+2 COMPOUND ANNUAL GROWTH RATE of revenue in
#   REPORTED CURRENCY, not one-year forward growth.
#   revenue_local_cy0 and revenue_local_cy2 are in REPORTED CURRENCY, not USD, which is why the
#   Indian, Japanese and Brazilian names show figures far larger than their USD market caps. They
#   are the inputs to the CAGR and must never be compared across companies.
#
# BALANCE-SHEET NAMES ARE IN THIS FILE AND THEIR EV/REVENUE MULTIPLE MUST NOT BE USED.
# SoFi, Upstart, Enova, Affirm, Klarna, Nu Holdings, Inter & Co, Zip Co and Happen (LendingClub)
# are lenders or deposit-takers. They are priced on price to book and P/E in data/peers-lending.csv,
# and balance_sheet_compatible() keeps them off the revenue lane. The screen still returns an
# EV/revenue figure for them and it is meaningless: enterprise value adds back the debt that IS the
# product. XP Inc. is the clearest proof in this file, returning a NEGATIVE enterprise value of
# -$16.9bn and therefore a negative multiple.
#
# A dash on the screen means the field returned nothing and is left blank here, never zero.
company_name,exchange_ticker,market_cap_musd,net_debt_musd,nci_musd,invest_assoc_musd,eqv_ev_bridge_musd,enterprise_value_musd,revenue_ntm_musd,gross_profit_musd,ev_ntm_revenue_x,ev_ntm_gp_x,revenue_local_cy0,revenue_local_cy2,revenue_growth_cagr_cy0_cy2_pct
Visa Inc.,NYSE:V,681083,10066,0,0,10066,691149,49412,39529,14.0,17.5,41180,51940,12
Mastercard Incorporated,NYSE:MA,508638,12891,-5,282,12604,521242,39425,19417,13.2,26.8,32708,41968,13
American Express Company,NYSE:AXP,226904,13340,0,0,13340,240244,83076,10065,2.9,23.9,72137,86772,10
"PayPal Holdings, Inc.",NASDAQ:PYPL,52654,2965,0,193,2772,55426,35404,16413,1.6,3.4,33296,36208,4
"Block, Inc.",NYSE:XYZ,49361,433,-36,0,397,49759,27247,11559,1.8,4.3,24283,28948,9
Fidelity National Information Services,NYSE:FIS,21319,20512,3,13,20502,41821,13953,5169,3.0,8.1,10601,14258,16
"Fiserv, Inc.",NASDAQ:FISV,27960,27407,22,1031,26398,54358,19900,12175,2.7,4.5,19806,20339,1
Global Payments Inc.,NYSE:GPN,24739,18147,859,0,19006,43745,12694,9872,3.4,4.4,9446,13009,17
The Western Union Company,NYSE:WU,2277,1777,0,0,1777,4054,4279,1601,0.9,2.5,4088,4362,3
"Shift4 Payments, Inc.",NYSE:FOUR,3785,4211,123,0,4334,8119,5471,3793,1.5,2.1,4195,5853,18
"Toast, Inc.",NYSE:TOST,21178,-1713,0,0,-1713,19465,8133,2215,2.4,8.8,6134,8844,20
"BILL Holdings, Inc.",NYSE:BILL,4078,-40,0,0,-40,4038,1809,1517,2.2,2.7,1537,1915,12
DLocal Limited,NASDAQ:DLO,4452,-807,0,0,-807,3645,1823,689,2.0,5.3,1054,2031,39
Flywire Corporation,NASDAQ:FLYW,2377,-293,0,0,-293,2085,813,520,2.6,4.0,598,879,21
"EVERTEC, Inc.",NYSE:EVTC,1786,1065,78,18,1124,2910,1142,550,2.5,5.3,924,1180,13
"Euronet Worldwide, Inc.",NASDAQ:EEFT,2621,623,15,0,638,3259,4552,1875,0.7,1.7,4245,4694,5
"Corpay, Inc.",NYSE:CPAY,27389,7558,360,0,7919,35307,5513,4314,6.4,8.2,4517,5780,13
Paysafe Limited,NYSE:PSFE,359,2321,0,0,2321,2679,1860,1040,1.4,2.6,1704,1916,6
Payoneer Global Inc.,NASDAQ:PAYO,2409,-260,0,0,-260,2149,1179,989,1.8,2.2,1060,1238,8
"Remitly Global, Inc.",NASDAQ:RELY,5646,-638,0,0,-638,5007,2172,1423,2.3,3.5,1620,2373,21
"Affirm Holdings, Inc.",NASDAQ:AFRM,25797,8321,0,0,8321,34118,4961,2415,6.9,14.1,3649,5921,27
"SoFi Technologies, Inc.",NASDAQ:SOFI,24424,49,0,0,49,24472,5441,322,4.5,76.0,3557,6131,31
"Upstart Holdings, Inc.",NASDAQ:UPST,2949,1600,0,0,1600,4548,1617,,2.8,,1036,1860,34
"Marqeta, Inc.",NASDAQ:MQ,1703,-694,0,0,-694,1009,748,522,1.3,1.9,618,808,14
"Happen, Inc.",NYSE:LC,2126,-901,0,0,-901,1224,1146,70,1.1,17.5,994,1255,12
"Enova International, Inc.",NYSE:ENVA,6049,4910,0,1,4909,10958,4266,2444,2.6,4.5,3151,4538,20
"Coinbase Global, Inc.",NASDAQ:COIN,49203,-2121,0,0,-2121,47082,5586,4767,8.4,9.9,7234,6812,-3
"Robinhood Markets, Inc.",NASDAQ:HOOD,97218,-980,61,0,-919,96299,5869,5592,16.4,17.2,4529,6487,20
Bullish,NYSE:BLSH,4612,205,45,0,250,4862,372,,13.1,,285,406,19
"Bakkt, Inc.",NYSE:BKKT,387,-52,0,11,-62,325,,,,,2335,,-100
Klarna Group plc,NYSE:KLAR,5433,-3062,225,0,-2837,2596,4372,1572,0.6,1.7,3503,4865,18
"Chime Financial, Inc.",NASDAQ:CHYM,12410,-980,0,0,-980,11430,3019,2657,3.8,4.3,2168,3290,23
"Jack Henry & Associates, Inc.",NASDAQ:JKHY,11809,66,0,0,66,11874,2692,1164,4.4,10.2,2455,2780,6
"Q2 Holdings, Inc.",NYSE:QTWO,3985,-65,0,0,-65,3920,927,538,4.2,7.3,792,975,11
"Donnelley Financial Solutions, Inc.",NYSE:DFIN,1186,186,0,0,186,1372,796,493,1.7,2.8,750,809,4
"SS&C Technologies Holdings, Inc.",NASDAQ:SSNC,19465,7329,70,296,7103,26568,6938,4096,3.8,6.5,6246,7096,7
"Broadridge Financial Solutions, Inc.",NYSE:BR,20772,3117,0,0,3117,23889,7855,2468,3.0,9.7,7071,8045,7
S&P Global Inc.,NYSE:SPGI,127133,11614,5139,613,16140,143273,15117,,9.5,,15327,15642,1
Moody's Corporation,NYSE:MCO,87165,6124,141,483,5782,92947,8555,6368,10.9,14.6,7694,8889,7
MSCI Inc.,NYSE:MSCI,40966,6192,0,0,6192,47157,3669,3029,12.9,15.6,3136,3822,10
FactSet Research Systems Inc.,NYSE:FDS,10666,1266,0,0,1266,11933,2579,1376,4.6,8.7,2354,2654,6
"Morningstar, Inc.",NASDAQ:MORN,8102,1381,0,0,1381,9483,2727,,3.5,,2430,2801,7
"Intercontinental Exchange, Inc.",NYSE:ICE,90525,19460,101,499,19062,109587,11197,,9.8,,9907,11602,8
CME Group Inc.,NASDAQ:CME,98877,1593,0,0,1593,100470,7101,,14.1,,6525,7364,6
"Cboe Global Markets, Inc.",CBOE:CBOE,31407,-774,0,2,-776,30631,2922,,10.5,,2411,2975,11
"Nasdaq, Inc.",NASDAQ:NDAQ,54903,8762,5,559,8208,63111,6149,,10.3,,5226,6398,11
MarketAxess Holdings Inc.,NASDAQ:MKTX,5705,-167,14,0,-153,5552,920,,6.0,,848,955,6
Tradeweb Markets Inc.,NASDAQ:TW,22582,-1908,704,27,-1231,21351,2481,,8.6,,2055,2616,13
Adyen N.V.,ENXTAM:ADYEN,39578,-13703,0,0,-13703,25876,3706,3331,7.0,7.8,2383,3478,21
Wise Group plc,LSE:WISE,13216,-4902,0,0,-4902,8314,3007,2369,2.8,3.5,1655,2367,20
Nexi S.p.A.,BIT:NEXI,5771,4590,11,13,4589,10360,4304,,2.4,,3594,3727,2
"Boku, Inc.",AIM:BOKU,454,-241,0,0,-241,213,136,133,1.6,1.6,128,158,11
CAB Payments Holdings plc,LSE:CABP,285,-685,0,0,-685,-399,177,,,,111,134,10
London Stock Exchange Group plc,LSE:LSEG,56843,12346,3144,17,15473,72316,13900,12345,5.2,5.9,9349,10523,6
Deutsche Boerse AG,XTRA:DB1,59542,5041,431,142,5330,64871,7793,,8.3,,6034,6812,6
Euronext N.V.,ENXTPA:ENX,19326,1883,216,19,2080,21406,2485,,8.6,,1816,2181,10
"MercadoLibre, Inc.",NASDAQ:MELI,97476,7462,0,0,7462,104938,46874,20781,2.2,5.0,28621,53210,36
Nu Holdings Ltd.,NYSE:NU,70431,0,2,93,-91,70340,25112,10868,2.8,6.5,15652,27420,32
StoneCo Ltd.,NASDAQ:STNE,2158,1692,8,14,1686,3845,2965,1678,1.3,2.3,14353,15822,5
PagSeguro Digital Ltd.,NYSE:PAGS,2376,75,0,0,75,2451,4250,1621,0.6,1.5,20348,22485,5
XP Inc.,NASDAQ:XP,8531,-24684,0,718,-25402,-16871,4098,2784,,,18298,22415,11
"Inter & Co, Inc.",NASDAQ:INTR,2380,2708,21,2,2728,5107,2282,197,2.2,25.9,8386,12896,24
"B3 S.A. - Brasil, Bolsa, Balcao",BOVESPA:B3SA3,14617,-38,5,12,-45,14571,2275,,6.4,,9985,12285,11
"Bolsa Mexicana de Valores, S.A.B.",BMV:BOLSA A,1221,-174,16,1,-159,1062,293,,3.6,,4470,5118,7
Bolsas y Mercados Argentinos S.A.,BASE:BYMA,1296,-1086,0,13,-1099,197,276,,0.7,,191,380,41
One97 Communications Limited,NSEI:PAYTM,10922,-1525,0,0,-1525,9397,1176,776,8.0,12.1,80785,125523,25
One MobiKwik Systems Limited,NSEI:MOBIKWIK,162,-65,0,0,-65,97,147,51,0.7,1.9,11548,15819,17
Indian Energy Exchange Limited,NSEI:IEX,1150,-190,0,0,-190,960,72,,13.4,,5789,6884,9
Multi Commodity Exchange of India Limited,NSEI:MCX,8488,-414,0,0,-414,8074,321,,25.2,,16946,33390,40
BSE Limited,NSEI:BSE,13817,-582,13,0,-569,13247,708,,18.7,,41937,72661,32
CRISIL Limited,NSEI:CRISIL,3451,-62,0,0,-62,3389,494,,6.9,,35856,49993,18
Hong Kong Exchanges and Clearing Limited,SEHK:388,67875,-21258,38,113,-21333,46542,3945,,11.8,,28541,32935,7
ZhongAn Online P & C Insurance Co.,SEHK:6060,2261,878,0,710,168,2429,5615,,0.4,,35575,40032,6
"Japan Exchange Group, Inc.",TSE:8697,14362,-85,81,135,-138,14224,1498,,9.5,,181370,255091,19
"GMO Payment Gateway, Inc.",TSE:3769,4405,-936,22,37,-950,3455,646,429,5.3,8.0,84312,115468,17
ASX Limited,ASX:ASX,7875,-3035,0,0,-3035,4840,952,,5.1,,1165,1349,8
Iress Limited,ASX:IRE,843,87,0,0,87,931,367,257,2.5,3.6,546,519,-3
HUB24 Limited,ASX:HUB,4452,0,0,0,0,4453,411,411,10.8,10.8,450,621,17
Netwealth Group Limited,ASX:NWL,3845,-72,0,0,-72,3774,315,,12.0,,357,493,17
Tyro Payments Limited,ASX:TYR,342,-68,0,1,-69,273,364,169,0.7,1.6,438,519,2
Zip Co Limited,ASX:ZIP,2295,1763,0,0,1763,4058,1156,538,3.5,7.5,1235,1754,19
OFX Group Limited,ASX:OFX,136,-51,0,4,-55,81,155,,0.5,,220,227,2
EML Payments Limited,ASX:EML,77,36,0,0,36,112,154,115,0.7,1.0,220,227,2
JSE Limited,JSE:JSE,779,-106,0,24,-130,648,226,,2.9,,3274,3900,9
Hightech Payment Systems S.A.,CBSE:HPS,518,21,0,7,13,532,183,,2.9,,1518,1958,14
